Candidatura_id;Nome_candidato;Email_candidato;Status_candidatura;Origem_candidatura;FK_vaga_id
1;Tatiane Pereira Oliveira;candidato0001@emailteste.com;Entrevista;LinkedIn;11
2;Victor Souza Carvalho;candidato0002@emailteste.com;Triagem;LinkedIn;324
3;Olivia Santos Rodrigues;candidato0003@emailteste.com;Triagem;Indicacao;934
4;Eduarda Ribeiro Barbosa;candidato0004@emailteste.com;Aprovado;Site;716
5;Tatiane Ribeiro Costa;candidato0005@emailteste.com;Entrevista;Indicacao;239
6;Victor Nascimento Oliveira;candidato0006@emailteste.com;Triagem;LinkedIn;334
7;Bruno Souza Gomes;candidato0007@emailteste.com;Reprovado;Site;266
8;Joao Barbosa Pereira;candidato0008@emailteste.com;Reprovado;LinkedIn;328
9;Natalia Costa Nascimento;candidato0009@emailteste.com;Aprovado;Indicacao;763
10;Henrique Rodrigues Nascimento;candidato0010@emailteste.com;Triagem;Site;930
11;Otavio Lima Souza;candidato0011@emailteste.com;Entrevista;Gupy;607
12;Elias Vieira Barbosa;candidato0012@emailteste.com;Triagem;Indicacao;371
13;Renata Rodrigues Ribeiro;candidato0013@emailteste.com;Triagem;Site;165
14;Olivia Ribeiro Silva;candidato0014@emailteste.com;Entrevista;Indicacao;806
15;Tatiane Carvalho Araújo;candidato0015@emailteste.com;Aprovado;Site;792
16;Marcelo Melo Rodrigues;candidato0016@emailteste.com;Triagem;Indicacao;67
17;Larissa Souza Silva;candidato0017@emailteste.com;Reprovado;Gupy;63
18;Patricia Melo Souza;candidato0018@emailteste.com;Aprovado;Site;825
19;Renata Barbosa Nascimento;candidato0019@emailteste.com;Entrevista;Site;681
20;Diego Almeida Souza;candidato0020@emailteste.com;Reprovado;Indicacao;315
21;Olivia Pereira Silva;candidato0021@emailteste.com;Entrevista;Site;304
22;Eduarda Martins Pereira;candidato0022@emailteste.com;Aprovado;Site;688
23;Lucas Ribeiro Santos;candidato0023@emailteste.com;Entrevista;Gupy;341
24;Renata Ribeiro Pereira;candidato0024@emailteste.com;Reprovado;Gupy;915
25;Larissa Ferreira Nascimento;candidato0025@emailteste.com;Aprovado;LinkedIn;460
26;Helena Carvalho Gomes;candidato0026@emailteste.com;Entrevista;LinkedIn;457
27;Fernanda Almeida Rodrigues;candidato0027@emailteste.com;Reprovado;LinkedIn;881
28;Nicolas Lima Almeida;candidato0028@emailteste.com;Reprovado;Site;428
29;Isabela Araújo Teixeira;candidato0029@emailteste.com;Entrevista;Gupy;915
30;Rafael Carvalho Pereira;candidato0030@emailteste.com;Reprovado;LinkedIn;417
31;Bruno Gomes Pereira;candidato0031@emailteste.com;Reprovado;Gupy;181
32;Diego Lima Araújo;candidato0032@emailteste.com;Entrevista;Indicacao;7
33;Daniela Silva Pereira;candidato0033@emailteste.com;Entrevista;Site;205
34;Vanessa Carvalho Oliveira;candidato0034@emailteste.com;Aprovado;Site;440
35;Renata Silva Lima;candidato0035@emailteste.com;Entrevista;Indicacao;422
36;Larissa Santos Barbosa;candidato0036@emailteste.com;Reprovado;Site;728
37;Caio Araújo Gomes;candidato0037@emailteste.com;Entrevista;Site;871
38;Eduarda Vieira Silva;candidato0038@emailteste.com;Entrevista;Indicacao;151
39;Lucas Barbosa Almeida;candidato0039@emailteste.com;Reprovado;Gupy;467
40;Nicolas Ferreira Santos;candidato0040@emailteste.com;Entrevista;Gupy;967
41;Joao Barbosa Souza;candidato0041@emailteste.com;Triagem;LinkedIn;856
42;Marcelo Araújo Barbosa;candidato0042@emailteste.com;Reprovado;LinkedIn;992
43;Otavio Souza Carvalho;candidato0043@emailteste.com;Entrevista;LinkedIn;799
44;Tatiane Ferreira Teixeira;candidato0044@emailteste.com;Aprovado;LinkedIn;296
45;Samuel Nascimento Ribeiro;candidato0045@emailteste.com;Entrevista;LinkedIn;384
46;Lucas Souza Carvalho;candidato0046@emailteste.com;Triagem;Gupy;599
47;Lucas Ferreira Silva;candidato0047@emailteste.com;Entrevista;Site;985
48;Vanessa Nascimento Silva;candidato0048@emailteste.com;Triagem;Indicacao;189
49;Gustavo Gomes Barbosa;candidato0049@emailteste.com;Triagem;LinkedIn;433
50;Sofia Silva Oliveira;candidato0050@emailteste.com;Reprovado;Site;905
51;Bruno Almeida Oliveira;candidato0051@emailteste.com;Reprovado;Gupy;457
52;Carla Lima Silva;candidato0052@emailteste.com;Triagem;Indicacao;598
53;Mariana Almeida Ferreira;candidato0053@emailteste.com;Reprovado;Site;188
54;Renata Gomes Ribeiro;candidato0054@emailteste.com;Entrevista;LinkedIn;884
55;Larissa Ferreira Vieira;candidato0055@emailteste.com;Aprovado;Site;444
56;Paulo Nascimento Silva;candidato0056@emailteste.com;Entrevista;LinkedIn;760
57;Gustavo Lima Gomes;candidato0057@emailteste.com;Triagem;Gupy;903
58;Daniela Teixeira Teixeira;candidato0058@emailteste.com;Aprovado;LinkedIn;716
59;Yasmin Costa Teixeira;candidato0059@emailteste.com;Entrevista;Gupy;474
60;Juliana Barbosa Ferreira;candidato0060@emailteste.com;Triagem;Gupy;917
61;Vanessa Souza Ribeiro;candidato0061@emailteste.com;Entrevista;Indicacao;668
62;Diego Martins Vieira;candidato0062@emailteste.com;Reprovado;LinkedIn;129
63;Igor Carvalho Melo;candidato0063@emailteste.com;Reprovado;Indicacao;844
64;Juliana Melo Ferreira;candidato0064@emailteste.com;Aprovado;Indicacao;211
65;William Barbosa Gomes;candidato0065@emailteste.com;Aprovado;LinkedIn;464
66;Ana Pereira Nascimento;candidato0066@emailteste.com;Reprovado;Indicacao;836
67;Ana Carvalho Barbosa;candidato0067@emailteste.com;Aprovado;Site;867
68;Bruno Ferreira Santos;candidato0068@emailteste.com;Triagem;LinkedIn;579
69;Juliana Teixeira Santos;candidato0069@emailteste.com;Entrevista;Gupy;791
70;Eduarda Araújo Martins;candidato0070@emailteste.com;Entrevista;LinkedIn;287
71;Renata Nascimento Vieira;candidato0071@emailteste.com;Triagem;Gupy;178
72;Juliana Araújo Almeida;candidato0072@emailteste.com;Entrevista;Gupy;178
73;Ana Ferreira Costa;candidato0073@emailteste.com;Aprovado;LinkedIn;42
74;Joao Araújo Lima;candidato0074@emailteste.com;Aprovado;LinkedIn;117
75;Zeca Costa Lima;candidato0075@emailteste.com;Aprovado;Indicacao;816
76;Carla Costa Ribeiro;candidato0076@emailteste.com;Aprovado;Gupy;639
77;Mariana Costa Almeida;candidato0077@emailteste.com;Entrevista;Indicacao;871
78;Paulo Ribeiro Ferreira;candidato0078@emailteste.com;Reprovado;Gupy;8
79;Sofia Silva Araújo;candidato0079@emailteste.com;Entrevista;LinkedIn;130
80;Samuel Gomes Oliveira;candidato0080@emailteste.com;Entrevista;LinkedIn;455
81;Caio Teixeira Ribeiro;candidato0081@emailteste.com;Aprovado;Gupy;975
82;Diego Souza Rodrigues;candidato0082@emailteste.com;Entrevista;Site;412
83;Mariana Oliveira Barbosa;candidato0083@emailteste.com;Reprovado;Indicacao;603
84;Elias Gomes Ferreira;candidato0084@emailteste.com;Triagem;LinkedIn;394
85;Lucas Teixeira Gomes;candidato0085@emailteste.com;Triagem;Gupy;924
86;Larissa Lima Teixeira;candidato0086@emailteste.com;Triagem;Gupy;186
87;Gustavo Melo Oliveira;candidato0087@emailteste.com;Entrevista;LinkedIn;494
88;Elias Costa Ribeiro;candidato0088@emailteste.com;Entrevista;Site;876
89;Samuel Barbosa Lima;candidato0089@emailteste.com;Entrevista;Site;258
90;Fernanda Souza Rodrigues;candidato0090@emailteste.com;Triagem;Site;124
91;Larissa Costa Silva;candidato0091@emailteste.com;Triagem;Gupy;676
92;Sofia Gomes Lima;candidato0092@emailteste.com;Entrevista;Indicacao;63
93;Mariana Ferreira Souza;candidato0093@emailteste.com;Triagem;Indicacao;708
94;Olivia Lima Araújo;candidato0094@emailteste.com;Triagem;Indicacao;97
95;Samuel Almeida Rodrigues;candidato0095@emailteste.com;Triagem;LinkedIn;307
96;Paulo Santos Pereira;candidato0096@emailteste.com;Reprovado;Site;940
97;William Melo Rodrigues;candidato0097@emailteste.com;Aprovado;Site;620
98;Isabela Araújo Gomes;candidato0098@emailteste.com;Entrevista;Gupy;995
99;Felipe Pereira Nascimento;candidato0099@emailteste.com;Entrevista;Indicacao;644
100;Amanda Nascimento Souza;candidato0100@emailteste.com;Entrevista;LinkedIn;310
101;Sofia Barbosa Barbosa;candidato0101@emailteste.com;Triagem;Site;505
102;Fernanda Vieira Almeida;candidato0102@emailteste.com;Entrevista;Gupy;776
103;Juliana Vieira Vieira;candidato0103@emailteste.com;Reprovado;Indicacao;98
104;Daniela Teixeira Santos;candidato0104@emailteste.com;Entrevista;Indicacao;479
105;Sofia Martins Carvalho;candidato0105@emailteste.com;Aprovado;LinkedIn;905
106;Rafael Lima Pereira;candidato0106@emailteste.com;Aprovado;Gupy;850
107;Sofia Ferreira Lima;candidato0107@emailteste.com;Reprovado;Site;139
108;Gustavo Ferreira Silva;candidato0108@emailteste.com;Aprovado;Site;494
109;Isabela Vieira Ferreira;candidato0109@emailteste.com;Aprovado;Indicacao;947
110;Nicolas Lima Araújo;candidato0110@emailteste.com;Triagem;Site;173
111;Thiago Ferreira Ferreira;candidato0111@emailteste.com;Entrevista;Indicacao;9
112;Gabriela Nascimento Ferreira;candidato0112@emailteste.com;Aprovado;Site;173
113;Victor Melo Ferreira;candidato0113@emailteste.com;Reprovado;Gupy;604
114;Renata Ferreira Silva;candidato0114@emailteste.com;Triagem;Gupy;812
115;Juliana Costa Gomes;candidato0115@emailteste.com;Triagem;Indicacao;584
116;Vanessa Ferreira Teixeira;candidato0116@emailteste.com;Triagem;LinkedIn;621
117;Helena Ribeiro Ferreira;candidato0117@emailteste.com;Reprovado;LinkedIn;138
118;Helena Ribeiro Silva;candidato0118@emailteste.com;Aprovado;Indicacao;848
119;Diego Vieira Araújo;candidato0119@emailteste.com;Reprovado;Gupy;190
120;Eduarda Barbosa Martins;candidato0120@emailteste.com;Triagem;LinkedIn;735
121;Olivia Teixeira Oliveira;candidato0121@emailteste.com;Triagem;LinkedIn;589
122;Olivia Costa Araújo;candidato0122@emailteste.com;Entrevista;Gupy;138
123;Juliana Martins Melo;candidato0123@emailteste.com;Triagem;LinkedIn;973
124;William Costa Ribeiro;candidato0124@emailteste.com;Triagem;LinkedIn;430
125;Bruno Pereira Rodrigues;candidato0125@emailteste.com;Reprovado;Site;675
126;Carla Lima Ribeiro;candidato0126@emailteste.com;Aprovado;Site;114
127;Helena Santos Barbosa;candidato0127@emailteste.com;Reprovado;Gupy;401
128;Tatiane Almeida Pereira;candidato0128@emailteste.com;Aprovado;LinkedIn;16
129;Vanessa Lima Costa;candidato0129@emailteste.com;Reprovado;Gupy;205
130;Samuel Carvalho Oliveira;candidato0130@emailteste.com;Reprovado;Site;675
131;Joao Costa Souza;candidato0131@emailteste.com;Entrevista;Gupy;806
132;Helena Souza Silva;candidato0132@emailteste.com;Aprovado;Indicacao;730
133;Felipe Carvalho Martins;candidato0133@emailteste.com;Entrevista;Gupy;733
134;Gabriela Ribeiro Araújo;candidato0134@emailteste.com;Aprovado;Indicacao;120
135;Mariana Melo Ferreira;candidato0135@emailteste.com;Reprovado;Site;675
136;Fernanda Pereira Araújo;candidato0136@emailteste.com;Reprovado;Site;916
137;Carla Carvalho Almeida;candidato0137@emailteste.com;Aprovado;Indicacao;185
138;Zeca Santos Gomes;candidato0138@emailteste.com;Reprovado;LinkedIn;485
139;Amanda Lima Souza;candidato0139@emailteste.com;Reprovado;LinkedIn;89
140;Otavio Teixeira Teixeira;candidato0140@emailteste.com;Entrevista;Gupy;307
141;Lucas Santos Ferreira;candidato0141@emailteste.com;Aprovado;Gupy;456
142;Victor Gomes Gomes;candidato0142@emailteste.com;Triagem;Site;173
143;Olivia Gomes Araújo;candidato0143@emailteste.com;Reprovado;Indicacao;816
144;Mariana Pereira Ribeiro;candidato0144@emailteste.com;Aprovado;Site;584
145;Ana Ferreira Araújo;candidato0145@emailteste.com;Aprovado;Indicacao;764
146;Olivia Ribeiro Rodrigues;candidato0146@emailteste.com;Reprovado;LinkedIn;288
147;Marcelo Ferreira Almeida;candidato0147@emailteste.com;Reprovado;Indicacao;65
148;Ana Silva Teixeira;candidato0148@emailteste.com;Aprovado;Gupy;513
149;Caio Lima Barbosa;candidato0149@emailteste.com;Aprovado;Gupy;94
150;Gustavo Gomes Costa;candidato0150@emailteste.com;Aprovado;LinkedIn;856
151;Carla Vieira Costa;candidato0151@emailteste.com;Reprovado;LinkedIn;269
152;Igor Santos Martins;candidato0152@emailteste.com;Reprovado;Site;755
153;Gabriela Martins Costa;candidato0153@emailteste.com;Reprovado;Indicacao;283
154;Nicolas Melo Santos;candidato0154@emailteste.com;Reprovado;Site;85
155;Sofia Melo Araújo;candidato0155@emailteste.com;Reprovado;Indicacao;918
156;Helena Melo Rodrigues;candidato0156@emailteste.com;Reprovado;Gupy;414
157;Thiago Oliveira Araújo;candidato0157@emailteste.com;Aprovado;LinkedIn;532
158;Elias Pereira Teixeira;candidato0158@emailteste.com;Triagem;LinkedIn;153
159;Larissa Barbosa Ferreira;candidato0159@emailteste.com;Triagem;LinkedIn;796
160;Rafael Martins Lima;candidato0160@emailteste.com;Triagem;Site;666
161;Thiago Ribeiro Silva;candidato0161@emailteste.com;Aprovado;Gupy;373
162;Helena Carvalho Santos;candidato0162@emailteste.com;Aprovado;LinkedIn;234
163;Paulo Melo Gomes;candidato0163@emailteste.com;Reprovado;Gupy;217
164;Bruno Ribeiro Barbosa;candidato0164@emailteste.com;Reprovado;Gupy;23
165;Gustavo Barbosa Souza;candidato0165@emailteste.com;Entrevista;Gupy;753
166;Lucas Carvalho Carvalho;candidato0166@emailteste.com;Reprovado;Indicacao;795
167;Felipe Teixeira Silva;candidato0167@emailteste.com;Reprovado;Site;337
168;Nicolas Pereira Lima;candidato0168@emailteste.com;Triagem;Site;483
169;Nicolas Vieira Carvalho;candidato0169@emailteste.com;Entrevista;Indicacao;697
170;Juliana Pereira Teixeira;candidato0170@emailteste.com;Reprovado;Site;25
171;Amanda Lima Silva;candidato0171@emailteste.com;Aprovado;Gupy;143
172;Henrique Melo Santos;candidato0172@emailteste.com;Aprovado;Site;784
173;Eduarda Nascimento Ribeiro;candidato0173@emailteste.com;Reprovado;LinkedIn;417
174;Gustavo Almeida Ferreira;candidato0174@emailteste.com;Triagem;LinkedIn;412
175;Juliana Vieira Silva;candidato0175@emailteste.com;Reprovado;Gupy;967
176;William Vieira Ferreira;candidato0176@emailteste.com;Triagem;Gupy;503
177;Henrique Nascimento Rodrigues;candidato0177@emailteste.com;Reprovado;Indicacao;989
178;Nicolas Costa Melo;candidato0178@emailteste.com;Triagem;Site;756
179;Ana Nascimento Carvalho;candidato0179@emailteste.com;Aprovado;Indicacao;176
180;Gustavo Vieira Martins;candidato0180@emailteste.com;Entrevista;LinkedIn;212
181;William Nascimento Costa;candidato0181@emailteste.com;Triagem;Gupy;981
182;Amanda Martins Teixeira;candidato0182@emailteste.com;Triagem;LinkedIn;290
183;Daniela Vieira Teixeira;candidato0183@emailteste.com;Reprovado;Site;28
184;Fernanda Teixeira Ferreira;candidato0184@emailteste.com;Triagem;Indicacao;840
185;Sofia Melo Almeida;candidato0185@emailteste.com;Triagem;Indicacao;265
186;Yasmin Pereira Ferreira;candidato0186@emailteste.com;Aprovado;Gupy;575
187;Patricia Gomes Costa;candidato0187@emailteste.com;Triagem;Gupy;802
188;Eduarda Melo Nascimento;candidato0188@emailteste.com;Triagem;Site;483
189;Patricia Silva Ribeiro;candidato0189@emailteste.com;Reprovado;Indicacao;680
190;Olivia Souza Lima;candidato0190@emailteste.com;Triagem;LinkedIn;389
191;Renata Vieira Rodrigues;candidato0191@emailteste.com;Triagem;Indicacao;2
192;Mariana Melo Santos;candidato0192@emailteste.com;Triagem;Site;56
193;Yasmin Rodrigues Carvalho;candidato0193@emailteste.com;Aprovado;LinkedIn;457
194;Diego Almeida Silva;candidato0194@emailteste.com;Triagem;LinkedIn;466
195;Juliana Ribeiro Rodrigues;candidato0195@emailteste.com;Entrevista;Site;564
196;Lucas Martins Martins;candidato0196@emailteste.com;Aprovado;LinkedIn;677
197;Bruno Melo Rodrigues;candidato0197@emailteste.com;Aprovado;Gupy;657
198;Marcelo Gomes Oliveira;candidato0198@emailteste.com;Triagem;Site;553
199;Ana Carvalho Vieira;candidato0199@emailteste.com;Triagem;Site;880
200;Henrique Ferreira Barbosa;candidato0200@emailteste.com;Reprovado;Site;136
201;Ana Nascimento Santos;candidato0201@emailteste.com;Entrevista;LinkedIn;246
202;Zeca Souza Melo;candidato0202@emailteste.com;Triagem;Gupy;945
203;Helena Almeida Gomes;candidato0203@emailteste.com;Aprovado;Indicacao;224
204;Amanda Teixeira Ribeiro;candidato0204@emailteste.com;Entrevista;Indicacao;343
205;Rafael Barbosa Silva;candidato0205@emailteste.com;Triagem;Gupy;12
206;Tatiane Rodrigues Martins;candidato0206@emailteste.com;Entrevista;Indicacao;221
207;Helena Teixeira Silva;candidato0207@emailteste.com;Triagem;Gupy;980
208;Olivia Melo Araújo;candidato0208@emailteste.com;Entrevista;LinkedIn;188
209;Thiago Gomes Vieira;candidato0209@emailteste.com;Reprovado;Site;843
210;Diego Costa Teixeira;candidato0210@emailteste.com;Reprovado;Site;1
211;Isabela Martins Costa;candidato0211@emailteste.com;Reprovado;Indicacao;137
212;Victor Santos Araújo;candidato0212@emailteste.com;Aprovado;Gupy;716
213;Igor Gomes Pereira;candidato0213@emailteste.com;Triagem;Site;809
214;Elias Gomes Silva;candidato0214@emailteste.com;Entrevista;Site;847
215;Samuel Pereira Nascimento;candidato0215@emailteste.com;Entrevista;LinkedIn;361
216;Vanessa Melo Barbosa;candidato0216@emailteste.com;Entrevista;Indicacao;284
217;Gustavo Carvalho Rodrigues;candidato0217@emailteste.com;Entrevista;Gupy;237
218;Igor Santos Ribeiro;candidato0218@emailteste.com;Reprovado;Site;619
219;Zeca Pereira Carvalho;candidato0219@emailteste.com;Aprovado;LinkedIn;133
220;Elias Vieira Martins;candidato0220@emailteste.com;Reprovado;Gupy;139
221;Diego Gomes Ferreira;candidato0221@emailteste.com;Reprovado;Gupy;170
222;Helena Vieira Teixeira;candidato0222@emailteste.com;Entrevista;LinkedIn;394
223;Helena Ribeiro Oliveira;candidato0223@emailteste.com;Reprovado;Site;182
224;Mariana Araújo Ribeiro;candidato0224@emailteste.com;Entrevista;Gupy;221
225;Amanda Nascimento Barbosa;candidato0225@emailteste.com;Reprovado;Site;728
226;Otavio Melo Teixeira;candidato0226@emailteste.com;Entrevista;Indicacao;939
227;Igor Silva Martins;candidato0227@emailteste.com;Triagem;Gupy;261
228;Rafael Ferreira Santos;candidato0228@emailteste.com;Aprovado;Gupy;98
229;Amanda Almeida Teixeira;candidato0229@emailteste.com;Entrevista;LinkedIn;159
230;Isabela Ribeiro Silva;candidato0230@emailteste.com;Triagem;LinkedIn;919
231;Eduarda Martins Martins;candidato0231@emailteste.com;Triagem;Site;953
232;Gustavo Rodrigues Teixeira;candidato0232@emailteste.com;Triagem;Indicacao;759
233;Olivia Santos Martins;candidato0233@emailteste.com;Triagem;Gupy;308
234;Henrique Silva Almeida;candidato0234@emailteste.com;Reprovado;Indicacao;156
235;Sofia Barbosa Rodrigues;candidato0235@emailteste.com;Triagem;Site;660
236;Amanda Ribeiro Martins;candidato0236@emailteste.com;Entrevista;Gupy;304
237;Ana Lima Teixeira;candidato0237@emailteste.com;Entrevista;LinkedIn;532
238;Lucas Costa Lima;candidato0238@emailteste.com;Entrevista;LinkedIn;584
239;Otavio Carvalho Carvalho;candidato0239@emailteste.com;Triagem;Indicacao;573
240;Zeca Ribeiro Rodrigues;candidato0240@emailteste.com;Triagem;Indicacao;412
241;Sofia Rodrigues Silva;candidato0241@emailteste.com;Triagem;Site;675
242;Elias Costa Silva;candidato0242@emailteste.com;Reprovado;Site;419
243;Gabriela Pereira Carvalho;candidato0243@emailteste.com;Aprovado;Site;157
244;Tatiane Silva Martins;candidato0244@emailteste.com;Entrevista;Indicacao;503
245;Renata Souza Ferreira;candidato0245@emailteste.com;Aprovado;Gupy;988
246;Eduarda Almeida Barbosa;candidato0246@emailteste.com;Aprovado;Site;100
247;Ana Santos Barbosa;candidato0247@emailteste.com;Reprovado;Site;202
248;Juliana Oliveira Barbosa;candidato0248@emailteste.com;Aprovado;LinkedIn;232
249;Helena Oliveira Vieira;candidato0249@emailteste.com;Entrevista;LinkedIn;151
250;Caio Teixeira Vieira;candidato0250@emailteste.com;Triagem;Gupy;529
251;Natalia Almeida Almeida;candidato0251@emailteste.com;Reprovado;LinkedIn;195
252;Victor Ferreira Martins;candidato0252@emailteste.com;Aprovado;Indicacao;867
253;Larissa Martins Nascimento;candidato0253@emailteste.com;Triagem;Indicacao;506
254;Igor Silva Melo;candidato0254@emailteste.com;Reprovado;Gupy;794
255;Olivia Lima Oliveira;candidato0255@emailteste.com;Triagem;Site;424
256;Amanda Oliveira Teixeira;candidato0256@emailteste.com;Triagem;Site;645
257;Carla Nascimento Araújo;candidato0257@emailteste.com;Triagem;Site;712
258;Paulo Ferreira Nascimento;candidato0258@emailteste.com;Aprovado;LinkedIn;275
259;Daniela Ribeiro Almeida;candidato0259@emailteste.com;Aprovado;LinkedIn;620
260;Eduarda Nascimento Araújo;candidato0260@emailteste.com;Triagem;Indicacao;355
261;Sofia Oliveira Souza;candidato0261@emailteste.com;Aprovado;Site;267
262;Samuel Teixeira Ribeiro;candidato0262@emailteste.com;Aprovado;Gupy;617
263;Henrique Ribeiro Santos;candidato0263@emailteste.com;Reprovado;Site;3
264;Diego Martins Silva;candidato0264@emailteste.com;Entrevista;LinkedIn;735
265;Victor Lima Martins;candidato0265@emailteste.com;Triagem;Indicacao;19
266;Paulo Teixeira Nascimento;candidato0266@emailteste.com;Entrevista;Gupy;84
267;Sofia Silva Almeida;candidato0267@emailteste.com;Reprovado;Site;788
268;Juliana Santos Costa;candidato0268@emailteste.com;Aprovado;Site;701
269;Samuel Silva Melo;candidato0269@emailteste.com;Triagem;Gupy;402
270;Amanda Ferreira Teixeira;candidato0270@emailteste.com;Aprovado;LinkedIn;995
271;Fernanda Martins Carvalho;candidato0271@emailteste.com;Entrevista;Gupy;740
272;Paulo Lima Carvalho;candidato0272@emailteste.com;Entrevista;Gupy;57
273;Mariana Teixeira Melo;candidato0273@emailteste.com;Aprovado;Indicacao;871
274;Bruno Pereira Pereira;candidato0274@emailteste.com;Triagem;Site;500
275;Carla Pereira Teixeira;candidato0275@emailteste.com;Reprovado;LinkedIn;611
276;Juliana Santos Souza;candidato0276@emailteste.com;Triagem;Indicacao;887
277;Olivia Oliveira Oliveira;candidato0277@emailteste.com;Entrevista;Gupy;831
278;Fernanda Ribeiro Souza;candidato0278@emailteste.com;Triagem;Indicacao;551
279;Samuel Nascimento Lima;candidato0279@emailteste.com;Triagem;Indicacao;167
280;Gustavo Costa Ferreira;candidato0280@emailteste.com;Triagem;LinkedIn;609
281;Gustavo Santos Martins;candidato0281@emailteste.com;Reprovado;Gupy;151
282;Bruno Lima Costa;candidato0282@emailteste.com;Reprovado;LinkedIn;488
283;Natalia Gomes Araújo;candidato0283@emailteste.com;Aprovado;Indicacao;492
284;Diego Nascimento Rodrigues;candidato0284@emailteste.com;Entrevista;LinkedIn;455
285;Eduarda Martins Ribeiro;candidato0285@emailteste.com;Triagem;Indicacao;747
286;Paulo Vieira Gomes;candidato0286@emailteste.com;Reprovado;Site;824
287;Fernanda Carvalho Rodrigues;candidato0287@emailteste.com;Reprovado;Gupy;255
288;Amanda Vieira Ribeiro;candidato0288@emailteste.com;Triagem;Indicacao;238
289;Ana Rodrigues Ribeiro;candidato0289@emailteste.com;Triagem;Indicacao;17
290;Isabela Araújo Barbosa;candidato0290@emailteste.com;Reprovado;LinkedIn;222
291;Fernanda Pereira Ribeiro;candidato0291@emailteste.com;Triagem;Indicacao;951
292;Diego Ribeiro Costa;candidato0292@emailteste.com;Triagem;Site;406
293;Paulo Carvalho Silva;candidato0293@emailteste.com;Aprovado;LinkedIn;133
294;Rafael Oliveira Carvalho;candidato0294@emailteste.com;Aprovado;LinkedIn;639
295;Sofia Vieira Souza;candidato0295@emailteste.com;Triagem;Gupy;601
296;Carla Vieira Souza;candidato0296@emailteste.com;Entrevista;LinkedIn;825
297;Paulo Silva Rodrigues;candidato0297@emailteste.com;Aprovado;Gupy;24
298;Yasmin Gomes Lima;candidato0298@emailteste.com;Entrevista;Gupy;786
299;Marcelo Araújo Vieira;candidato0299@emailteste.com;Reprovado;Indicacao;237
300;Henrique Vieira Ferreira;candidato0300@emailteste.com;Reprovado;LinkedIn;51
301;Zeca Nascimento Carvalho;candidato0301@emailteste.com;Triagem;Gupy;884
302;Marcelo Araújo Barbosa;candidato0302@emailteste.com;Aprovado;Indicacao;264
303;Samuel Vieira Rodrigues;candidato0303@emailteste.com;Triagem;Indicacao;293
304;Thiago Teixeira Martins;candidato0304@emailteste.com;Aprovado;Indicacao;231
305;Patricia Oliveira Souza;candidato0305@emailteste.com;Triagem;LinkedIn;736
306;Thiago Teixeira Ribeiro;candidato0306@emailteste.com;Aprovado;Indicacao;543
307;Nicolas Martins Martins;candidato0307@emailteste.com;Aprovado;Site;416
308;Juliana Ferreira Teixeira;candidato0308@emailteste.com;Aprovado;Gupy;127
309;Otavio Teixeira Barbosa;candidato0309@emailteste.com;Triagem;Indicacao;717
310;Helena Ribeiro Silva;candidato0310@emailteste.com;Entrevista;Site;106
311;Helena Rodrigues Martins;candidato0311@emailteste.com;Reprovado;LinkedIn;459
312;Ana Martins Melo;candidato0312@emailteste.com;Entrevista;Site;924
313;Gustavo Silva Rodrigues;candidato0313@emailteste.com;Entrevista;Indicacao;819
314;Eduarda Araújo Pereira;candidato0314@emailteste.com;Aprovado;LinkedIn;73
315;Elias Almeida Silva;candidato0315@emailteste.com;Triagem;Site;236
316;Felipe Carvalho Barbosa;candidato0316@emailteste.com;Triagem;Indicacao;434
317;Diego Araújo Pereira;candidato0317@emailteste.com;Reprovado;LinkedIn;383
318;Isabela Ferreira Gomes;candidato0318@emailteste.com;Aprovado;LinkedIn;215
319;Paulo Vieira Lima;candidato0319@emailteste.com;Aprovado;Site;581
320;Renata Santos Ribeiro;candidato0320@emailteste.com;Aprovado;Indicacao;219
321;Gabriela Lima Melo;candidato0321@emailteste.com;Triagem;Indicacao;741
322;Marcelo Souza Vieira;candidato0322@emailteste.com;Triagem;Site;446
323;Victor Ribeiro Vieira;candidato0323@emailteste.com;Entrevista;Site;339
324;Fernanda Souza Nascimento;candidato0324@emailteste.com;Entrevista;Gupy;903
325;Amanda Teixeira Barbosa;candidato0325@emailteste.com;Aprovado;Site;406
326;Thiago Silva Araújo;candidato0326@emailteste.com;Reprovado;LinkedIn;791
327;Lucas Costa Barbosa;candidato0327@emailteste.com;Reprovado;LinkedIn;556
328;Renata Costa Silva;candidato0328@emailteste.com;Triagem;Gupy;168
329;Bruno Teixeira Araújo;candidato0329@emailteste.com;Reprovado;Site;248
330;Nicolas Almeida Rodrigues;candidato0330@emailteste.com;Reprovado;Gupy;806
331;Isabela Almeida Vieira;candidato0331@emailteste.com;Reprovado;Indicacao;266
332;Carla Ferreira Nascimento;candidato0332@emailteste.com;Entrevista;Indicacao;246
333;Juliana Ribeiro Melo;candidato0333@emailteste.com;Reprovado;Gupy;265
334;Juliana Melo Barbosa;candidato0334@emailteste.com;Entrevista;Gupy;230
335;Sofia Lima Rodrigues;candidato0335@emailteste.com;Triagem;Gupy;245
336;Lucas Silva Vieira;candidato0336@emailteste.com;Triagem;Indicacao;706
337;Ana Oliveira Carvalho;candidato0337@emailteste.com;Entrevista;Gupy;780
338;Lucas Pereira Gomes;candidato0338@emailteste.com;Aprovado;Gupy;218
339;Victor Barbosa Oliveira;candidato0339@emailteste.com;Entrevista;LinkedIn;819
340;Natalia Lima Lima;candidato0340@emailteste.com;Triagem;Indicacao;863
341;Samuel Lima Rodrigues;candidato0341@emailteste.com;Reprovado;LinkedIn;937
342;Larissa Lima Carvalho;candidato0342@emailteste.com;Triagem;Gupy;565
343;Olivia Souza Silva;candidato0343@emailteste.com;Triagem;Site;808
344;Tatiane Costa Almeida;candidato0344@emailteste.com;Entrevista;Gupy;793
345;Igor Rodrigues Rodrigues;candidato0345@emailteste.com;Reprovado;Site;479
346;Marcelo Almeida Almeida;candidato0346@emailteste.com;Triagem;Site;908
347;Patricia Santos Ribeiro;candidato0347@emailteste.com;Reprovado;Indicacao;748
348;Natalia Silva Melo;candidato0348@emailteste.com;Triagem;Gupy;572
349;Elias Santos Costa;candidato0349@emailteste.com;Reprovado;LinkedIn;344
350;Zeca Lima Ferreira;candidato0350@emailteste.com;Aprovado;Gupy;646
351;Tatiane Oliveira Santos;candidato0351@emailteste.com;Reprovado;Indicacao;746
352;Diego Rodrigues Barbosa;candidato0352@emailteste.com;Aprovado;LinkedIn;692
353;Igor Barbosa Araújo;candidato0353@emailteste.com;Entrevista;Site;465
354;Helena Rodrigues Araújo;candidato0354@emailteste.com;Triagem;Site;851
355;Juliana Silva Santos;candidato0355@emailteste.com;Entrevista;Site;196
356;Patricia Araújo Ribeiro;candidato0356@emailteste.com;Aprovado;Site;747
357;Eduarda Martins Vieira;candidato0357@emailteste.com;Reprovado;Indicacao;323
358;Yasmin Barbosa Vieira;candidato0358@emailteste.com;Entrevista;LinkedIn;536
359;Nicolas Vieira Vieira;candidato0359@emailteste.com;Reprovado;Indicacao;863
360;Yasmin Oliveira Gomes;candidato0360@emailteste.com;Reprovado;LinkedIn;604
361;Zeca Lima Lima;candidato0361@emailteste.com;Triagem;Indicacao;612
362;Nicolas Rodrigues Carvalho;candidato0362@emailteste.com;Reprovado;Indicacao;222
363;Isabela Rodrigues Costa;candidato0363@emailteste.com;Aprovado;Site;104
364;Isabela Souza Ferreira;candidato0364@emailteste.com;Triagem;LinkedIn;338
365;Zeca Martins Nascimento;candidato0365@emailteste.com;Aprovado;Gupy;258
366;Bruno Silva Oliveira;candidato0366@emailteste.com;Entrevista;Site;448
367;Juliana Rodrigues Almeida;candidato0367@emailteste.com;Aprovado;Site;308
368;Lucas Ferreira Lima;candidato0368@emailteste.com;Reprovado;Site;765
369;Patricia Barbosa Oliveira;candidato0369@emailteste.com;Entrevista;Gupy;210
370;Larissa Pereira Nascimento;candidato0370@emailteste.com;Reprovado;LinkedIn;338
371;Sofia Martins Oliveira;candidato0371@emailteste.com;Reprovado;LinkedIn;394
372;Eduarda Almeida Gomes;candidato0372@emailteste.com;Aprovado;Site;314
373;Marcelo Vieira Teixeira;candidato0373@emailteste.com;Aprovado;Site;26
374;Amanda Pereira Carvalho;candidato0374@emailteste.com;Reprovado;Indicacao;581
375;Fernanda Almeida Nascimento;candidato0375@emailteste.com;Entrevista;LinkedIn;877
376;Zeca Melo Rodrigues;candidato0376@emailteste.com;Entrevista;Site;824
377;Henrique Santos Nascimento;candidato0377@emailteste.com;Triagem;Gupy;428
378;Felipe Ribeiro Ribeiro;candidato0378@emailteste.com;Entrevista;LinkedIn;102
379;Helena Lima Araújo;candidato0379@emailteste.com;Aprovado;Site;701
380;Patricia Carvalho Gomes;candidato0380@emailteste.com;Aprovado;Site;682
381;Rafael Ribeiro Lima;candidato0381@emailteste.com;Aprovado;Indicacao;910
382;Otavio Araújo Souza;candidato0382@emailteste.com;Entrevista;Indicacao;482
383;Igor Gomes Silva;candidato0383@emailteste.com;Triagem;LinkedIn;396
384;Rafael Melo Lima;candidato0384@emailteste.com;Reprovado;Gupy;299
385;Diego Araújo Oliveira;candidato0385@emailteste.com;Reprovado;Site;362
386;Renata Lima Souza;candidato0386@emailteste.com;Entrevista;Gupy;914
387;Renata Martins Gomes;candidato0387@emailteste.com;Triagem;Site;956
388;Tatiane Silva Rodrigues;candidato0388@emailteste.com;Entrevista;Gupy;542
389;Helena Nascimento Carvalho;candidato0389@emailteste.com;Triagem;Gupy;857
390;Amanda Barbosa Santos;candidato0390@emailteste.com;Triagem;Site;21
391;Paulo Carvalho Almeida;candidato0391@emailteste.com;Triagem;Indicacao;830
392;Samuel Rodrigues Almeida;candidato0392@emailteste.com;Reprovado;LinkedIn;178
393;Carla Lima Santos;candidato0393@emailteste.com;Entrevista;LinkedIn;624
394;Samuel Oliveira Almeida;candidato0394@emailteste.com;Aprovado;LinkedIn;598
395;Igor Oliveira Teixeira;candidato0395@emailteste.com;Reprovado;Site;889
396;Vanessa Barbosa Rodrigues;candidato0396@emailteste.com;Aprovado;Indicacao;157
397;Thiago Gomes Souza;candidato0397@emailteste.com;Entrevista;Indicacao;399
398;Zeca Gomes Pereira;candidato0398@emailteste.com;Triagem;Indicacao;326
399;Carla Melo Almeida;candidato0399@emailteste.com;Aprovado;Site;770
400;Otavio Martins Pereira;candidato0400@emailteste.com;Triagem;Indicacao;511
401;Olivia Vieira Gomes;candidato0401@emailteste.com;Triagem;Indicacao;599
402;Thiago Santos Rodrigues;candidato0402@emailteste.com;Reprovado;LinkedIn;173
403;Zeca Gomes Gomes;candidato0403@emailteste.com;Entrevista;LinkedIn;821
404;Olivia Oliveira Araújo;candidato0404@emailteste.com;Entrevista;Indicacao;534
405;Samuel Teixeira Silva;candidato0405@emailteste.com;Reprovado;Gupy;865
406;Victor Rodrigues Santos;candidato0406@emailteste.com;Entrevista;LinkedIn;578
407;Larissa Melo Barbosa;candidato0407@emailteste.com;Aprovado;Site;472
408;Elias Teixeira Araújo;candidato0408@emailteste.com;Triagem;Indicacao;69
409;Patricia Carvalho Gomes;candidato0409@emailteste.com;Entrevista;Gupy;4
410;Patricia Pereira Rodrigues;candidato0410@emailteste.com;Aprovado;Site;714
411;Patricia Gomes Souza;candidato0411@emailteste.com;Reprovado;Gupy;251
412;Olivia Ferreira Carvalho;candidato0412@emailteste.com;Triagem;Indicacao;740
413;Thiago Ribeiro Teixeira;candidato0413@emailteste.com;Aprovado;Gupy;471
414;Helena Barbosa Martins;candidato0414@emailteste.com;Entrevista;LinkedIn;870
415;Larissa Almeida Silva;candidato0415@emailteste.com;Reprovado;Site;187
416;William Almeida Oliveira;candidato0416@emailteste.com;Aprovado;LinkedIn;832
417;Rafael Oliveira Melo;candidato0417@emailteste.com;Entrevista;Indicacao;798
418;Joao Ribeiro Araújo;candidato0418@emailteste.com;Aprovado;Indicacao;425
419;Zeca Nascimento Vieira;candidato0419@emailteste.com;Triagem;Site;951
420;Joao Costa Rodrigues;candidato0420@emailteste.com;Reprovado;Gupy;226
421;Natalia Souza Melo;candidato0421@emailteste.com;Triagem;Gupy;906
422;Juliana Costa Barbosa;candidato0422@emailteste.com;Triagem;LinkedIn;726
423;Igor Lima Gomes;candidato0423@emailteste.com;Reprovado;LinkedIn;688
424;Thiago Gomes Melo;candidato0424@emailteste.com;Reprovado;Indicacao;721
425;Renata Oliveira Melo;candidato0425@emailteste.com;Reprovado;Site;322
426;Amanda Almeida Vieira;candidato0426@emailteste.com;Triagem;LinkedIn;864
427;Larissa Almeida Melo;candidato0427@emailteste.com;Triagem;Indicacao;598
428;Eduarda Lima Barbosa;candidato0428@emailteste.com;Triagem;Indicacao;379
429;Patricia Teixeira Ribeiro;candidato0429@emailteste.com;Entrevista;Site;847
430;Thiago Almeida Pereira;candidato0430@emailteste.com;Aprovado;Site;421
431;Nicolas Pereira Silva;candidato0431@emailteste.com;Entrevista;LinkedIn;702
432;Natalia Ribeiro Oliveira;candidato0432@emailteste.com;Entrevista;Gupy;608
433;Gustavo Souza Ferreira;candidato0433@emailteste.com;Triagem;LinkedIn;648
434;Caio Oliveira Nascimento;candidato0434@emailteste.com;Triagem;Gupy;951
435;Vanessa Nascimento Pereira;candidato0435@emailteste.com;Reprovado;LinkedIn;524
436;Isabela Silva Barbosa;candidato0436@emailteste.com;Triagem;Site;398
437;Yasmin Santos Souza;candidato0437@emailteste.com;Triagem;Site;601
438;Isabela Costa Barbosa;candidato0438@emailteste.com;Entrevista;Gupy;397
439;Thiago Teixeira Costa;candidato0439@emailteste.com;Entrevista;Indicacao;928
440;Patricia Carvalho Martins;candidato0440@emailteste.com;Reprovado;LinkedIn;249
441;Amanda Santos Carvalho;candidato0441@emailteste.com;Reprovado;Indicacao;472
442;Patricia Teixeira Carvalho;candidato0442@emailteste.com;Entrevista;Gupy;347
443;Daniela Melo Silva;candidato0443@emailteste.com;Reprovado;Site;242
444;Gabriela Ferreira Almeida;candidato0444@emailteste.com;Triagem;Indicacao;338
445;Caio Santos Lima;candidato0445@emailteste.com;Reprovado;LinkedIn;367
446;Isabela Oliveira Pereira;candidato0446@emailteste.com;Reprovado;Gupy;529
447;Samuel Gomes Gomes;candidato0447@emailteste.com;Triagem;Indicacao;377
448;Patricia Nascimento Almeida;candidato0448@emailteste.com;Triagem;LinkedIn;319
449;Eduarda Martins Barbosa;candidato0449@emailteste.com;Triagem;LinkedIn;771
450;Joao Costa Lima;candidato0450@emailteste.com;Triagem;Gupy;411
451;Sofia Melo Souza;candidato0451@emailteste.com;Aprovado;Site;839
452;Sofia Teixeira Oliveira;candidato0452@emailteste.com;Triagem;Site;900
453;Larissa Teixeira Melo;candidato0453@emailteste.com;Triagem;Gupy;238
454;Victor Gomes Araújo;candidato0454@emailteste.com;Reprovado;Indicacao;270
455;Helena Barbosa Vieira;candidato0455@emailteste.com;Aprovado;LinkedIn;937
456;Olivia Carvalho Carvalho;candidato0456@emailteste.com;Aprovado;LinkedIn;68
457;Igor Almeida Rodrigues;candidato0457@emailteste.com;Aprovado;Site;224
458;Otavio Pereira Almeida;candidato0458@emailteste.com;Triagem;Indicacao;597
459;Otavio Araújo Melo;candidato0459@emailteste.com;Entrevista;Gupy;679
460;Larissa Costa Souza;candidato0460@emailteste.com;Reprovado;Gupy;728
461;Carla Rodrigues Vieira;candidato0461@emailteste.com;Triagem;Indicacao;573
462;Elias Martins Ferreira;candidato0462@emailteste.com;Entrevista;Gupy;180
463;Victor Oliveira Ribeiro;candidato0463@emailteste.com;Aprovado;LinkedIn;564
464;Daniela Gomes Nascimento;candidato0464@emailteste.com;Entrevista;Site;817
465;Fernanda Silva Melo;candidato0465@emailteste.com;Entrevista;Indicacao;299
466;Fernanda Barbosa Gomes;candidato0466@emailteste.com;Reprovado;Gupy;745
467;Henrique Araújo Vieira;candidato0467@emailteste.com;Aprovado;Indicacao;666
468;Felipe Barbosa Gomes;candidato0468@emailteste.com;Triagem;Site;66
469;Larissa Silva Lima;candidato0469@emailteste.com;Triagem;Gupy;920
470;Juliana Oliveira Pereira;candidato0470@emailteste.com;Triagem;Site;579
471;Thiago Oliveira Martins;candidato0471@emailteste.com;Triagem;Gupy;807
472;Victor Gomes Barbosa;candidato0472@emailteste.com;Reprovado;LinkedIn;723
473;William Gomes Nascimento;candidato0473@emailteste.com;Entrevista;Site;831
474;Larissa Martins Silva;candidato0474@emailteste.com;Entrevista;Gupy;549
475;Gustavo Martins Costa;candidato0475@emailteste.com;Entrevista;LinkedIn;832
476;Joao Carvalho Araújo;candidato0476@emailteste.com;Triagem;Site;725
477;Lucas Souza Nascimento;candidato0477@emailteste.com;Entrevista;Site;387
478;Larissa Melo Souza;candidato0478@emailteste.com;Reprovado;Site;424
479;Igor Oliveira Silva;candidato0479@emailteste.com;Entrevista;Indicacao;765
480;Gustavo Costa Gomes;candidato0480@emailteste.com;Entrevista;LinkedIn;138
481;Isabela Rodrigues Costa;candidato0481@emailteste.com;Aprovado;LinkedIn;75
482;Nicolas Melo Carvalho;candidato0482@emailteste.com;Entrevista;Site;500
483;Daniela Teixeira Silva;candidato0483@emailteste.com;Triagem;Site;885
484;Larissa Teixeira Oliveira;candidato0484@emailteste.com;Aprovado;Gupy;651
485;Victor Gomes Ribeiro;candidato0485@emailteste.com;Triagem;Indicacao;301
486;Bruno Teixeira Ferreira;candidato0486@emailteste.com;Entrevista;Gupy;796
487;Daniela Oliveira Melo;candidato0487@emailteste.com;Aprovado;Site;930
488;Elias Carvalho Martins;candidato0488@emailteste.com;Entrevista;Site;834
489;Diego Souza Nascimento;candidato0489@emailteste.com;Reprovado;Gupy;502
490;Isabela Ribeiro Almeida;candidato0490@emailteste.com;Triagem;Indicacao;753
491;Fernanda Teixeira Lima;candidato0491@emailteste.com;Aprovado;Gupy;655
492;Lucas Barbosa Melo;candidato0492@emailteste.com;Reprovado;Indicacao;832
493;Felipe Martins Teixeira;candidato0493@emailteste.com;Triagem;LinkedIn;222
494;Thiago Lima Silva;candidato0494@emailteste.com;Entrevista;Indicacao;352
495;Eduarda Almeida Gomes;candidato0495@emailteste.com;Aprovado;Indicacao;897
496;Thiago Ribeiro Barbosa;candidato0496@emailteste.com;Entrevista;Gupy;547
497;Sofia Costa Vieira;candidato0497@emailteste.com;Triagem;Indicacao;481
498;Paulo Costa Oliveira;candidato0498@emailteste.com;Aprovado;Indicacao;283
499;Fernanda Oliveira Araújo;candidato0499@emailteste.com;Reprovado;Indicacao;595
500;Mariana Rodrigues Araújo;candidato0500@emailteste.com;Triagem;LinkedIn;267
501;William Melo Pereira;candidato0501@emailteste.com;Reprovado;Indicacao;219
502;Eduarda Rodrigues Silva;candidato0502@emailteste.com;Aprovado;LinkedIn;598
503;Amanda Martins Costa;candidato0503@emailteste.com;Reprovado;Site;667
504;Igor Carvalho Souza;candidato0504@emailteste.com;Entrevista;LinkedIn;716
505;Rafael Araújo Pereira;candidato0505@emailteste.com;Triagem;LinkedIn;103
506;Sofia Barbosa Costa;candidato0506@emailteste.com;Triagem;Indicacao;212
507;William Oliveira Lima;candidato0507@emailteste.com;Triagem;LinkedIn;257
508;Olivia Carvalho Barbosa;candidato0508@emailteste.com;Reprovado;Gupy;647
509;Gabriela Silva Barbosa;candidato0509@emailteste.com;Triagem;Site;100
510;Carla Teixeira Ribeiro;candidato0510@emailteste.com;Aprovado;Site;309
511;Isabela Lima Melo;candidato0511@emailteste.com;Triagem;Site;658
512;Thiago Silva Rodrigues;candidato0512@emailteste.com;Reprovado;Gupy;251
513;Eduarda Araújo Gomes;candidato0513@emailteste.com;Entrevista;Gupy;13
514;Gustavo Santos Santos;candidato0514@emailteste.com;Entrevista;Gupy;56
515;Lucas Pereira Carvalho;candidato0515@emailteste.com;Aprovado;Indicacao;932
516;Bruno Lima Rodrigues;candidato0516@emailteste.com;Entrevista;Indicacao;759
517;Gabriela Souza Martins;candidato0517@emailteste.com;Entrevista;LinkedIn;414
518;Helena Barbosa Santos;candidato0518@emailteste.com;Triagem;Indicacao;78
519;Renata Lima Vieira;candidato0519@emailteste.com;Entrevista;LinkedIn;98
520;Gustavo Carvalho Costa;candidato0520@emailteste.com;Entrevista;Gupy;132
521;Isabela Rodrigues Gomes;candidato0521@emailteste.com;Triagem;LinkedIn;328
522;Olivia Vieira Rodrigues;candidato0522@emailteste.com;Entrevista;Gupy;49
523;Elias Ribeiro Rodrigues;candidato0523@emailteste.com;Triagem;LinkedIn;984
524;Zeca Santos Oliveira;candidato0524@emailteste.com;Triagem;Gupy;263
525;Sofia Martins Almeida;candidato0525@emailteste.com;Entrevista;LinkedIn;198
526;Olivia Ferreira Araújo;candidato0526@emailteste.com;Entrevista;Site;979
527;Henrique Almeida Ferreira;candidato0527@emailteste.com;Entrevista;Indicacao;344
528;Helena Martins Lima;candidato0528@emailteste.com;Entrevista;Gupy;312
529;Lucas Pereira Ribeiro;candidato0529@emailteste.com;Aprovado;Indicacao;625
530;Larissa Carvalho Silva;candidato0530@emailteste.com;Entrevista;Indicacao;598
531;Patricia Carvalho Carvalho;candidato0531@emailteste.com;Entrevista;Indicacao;179
532;Diego Vieira Araújo;candidato0532@emailteste.com;Entrevista;Site;769
533;Marcelo Barbosa Costa;candidato0533@emailteste.com;Aprovado;Indicacao;182
534;Zeca Barbosa Costa;candidato0534@emailteste.com;Aprovado;Site;855
535;Felipe Lima Ferreira;candidato0535@emailteste.com;Reprovado;Site;380
536;Caio Vieira Oliveira;candidato0536@emailteste.com;Aprovado;Site;783
537;Fernanda Ferreira Araújo;candidato0537@emailteste.com;Entrevista;LinkedIn;635
538;Helena Carvalho Martins;candidato0538@emailteste.com;Triagem;Indicacao;485
539;Elias Costa Costa;candidato0539@emailteste.com;Reprovado;Indicacao;164
540;Tatiane Melo Gomes;candidato0540@emailteste.com;Reprovado;Site;737
541;Amanda Costa Lima;candidato0541@emailteste.com;Entrevista;Site;131
542;Vanessa Nascimento Lima;candidato0542@emailteste.com;Entrevista;Gupy;297
543;Mariana Ribeiro Barbosa;candidato0543@emailteste.com;Entrevista;Indicacao;106
544;Caio Barbosa Oliveira;candidato0544@emailteste.com;Entrevista;Site;885
545;Helena Almeida Nascimento;candidato0545@emailteste.com;Entrevista;Indicacao;278
546;Nicolas Martins Carvalho;candidato0546@emailteste.com;Aprovado;Site;253
547;Vanessa Silva Carvalho;candidato0547@emailteste.com;Triagem;Site;749
548;Sofia Rodrigues Martins;candidato0548@emailteste.com;Reprovado;Gupy;631
549;Yasmin Nascimento Oliveira;candidato0549@emailteste.com;Reprovado;LinkedIn;363
550;Olivia Pereira Oliveira;candidato0550@emailteste.com;Triagem;Site;919
551;Patricia Almeida Melo;candidato0551@emailteste.com;Triagem;LinkedIn;251
552;Bruno Barbosa Almeida;candidato0552@emailteste.com;Reprovado;Gupy;389
553;Diego Barbosa Ferreira;candidato0553@emailteste.com;Triagem;LinkedIn;281
554;Sofia Teixeira Carvalho;candidato0554@emailteste.com;Reprovado;LinkedIn;570
555;Isabela Ribeiro Gomes;candidato0555@emailteste.com;Entrevista;LinkedIn;135
556;Henrique Martins Ribeiro;candidato0556@emailteste.com;Entrevista;Indicacao;802
557;Larissa Ribeiro Ferreira;candidato0557@emailteste.com;Aprovado;Indicacao;859
558;Joao Vieira Ferreira;candidato0558@emailteste.com;Reprovado;Indicacao;353
559;Gustavo Almeida Almeida;candidato0559@emailteste.com;Triagem;Site;143
560;William Vieira Martins;candidato0560@emailteste.com;Triagem;Gupy;405
561;Vanessa Gomes Pereira;candidato0561@emailteste.com;Triagem;LinkedIn;186
562;Helena Ribeiro Martins;candidato0562@emailteste.com;Reprovado;LinkedIn;636
563;Helena Melo Silva;candidato0563@emailteste.com;Reprovado;Gupy;224
564;Caio Costa Teixeira;candidato0564@emailteste.com;Triagem;LinkedIn;108
565;Fernanda Souza Ferreira;candidato0565@emailteste.com;Aprovado;LinkedIn;117
566;Gustavo Costa Vieira;candidato0566@emailteste.com;Aprovado;LinkedIn;780
567;Felipe Almeida Costa;candidato0567@emailteste.com;Entrevista;Indicacao;996
568;Samuel Almeida Barbosa;candidato0568@emailteste.com;Reprovado;Site;673
569;Nicolas Gomes Nascimento;candidato0569@emailteste.com;Triagem;Indicacao;47
570;Vanessa Nascimento Gomes;candidato0570@emailteste.com;Triagem;LinkedIn;978
571;Eduarda Carvalho Barbosa;candidato0571@emailteste.com;Entrevista;LinkedIn;76
572;Renata Nascimento Oliveira;candidato0572@emailteste.com;Triagem;Site;11
573;Tatiane Vieira Vieira;candidato0573@emailteste.com;Triagem;LinkedIn;49
574;Victor Ferreira Santos;candidato0574@emailteste.com;Entrevista;Site;874
575;Helena Souza Ribeiro;candidato0575@emailteste.com;Triagem;LinkedIn;898
576;Zeca Teixeira Santos;candidato0576@emailteste.com;Entrevista;Indicacao;148
577;Henrique Almeida Gomes;candidato0577@emailteste.com;Aprovado;Indicacao;567
578;Renata Rodrigues Santos;candidato0578@emailteste.com;Entrevista;Indicacao;203
579;Eduarda Carvalho Santos;candidato0579@emailteste.com;Reprovado;LinkedIn;498
580;William Souza Almeida;candidato0580@emailteste.com;Reprovado;LinkedIn;82
581;Amanda Barbosa Souza;candidato0581@emailteste.com;Triagem;Site;119
582;Nicolas Rodrigues Souza;candidato0582@emailteste.com;Aprovado;LinkedIn;139
583;Victor Melo Silva;candidato0583@emailteste.com;Entrevista;LinkedIn;297
584;Felipe Souza Rodrigues;candidato0584@emailteste.com;Reprovado;Indicacao;325
585;Isabela Barbosa Oliveira;candidato0585@emailteste.com;Entrevista;Site;488
586;Patricia Araújo Barbosa;candidato0586@emailteste.com;Reprovado;Indicacao;881
587;Igor Almeida Teixeira;candidato0587@emailteste.com;Triagem;Gupy;568
588;Felipe Santos Barbosa;candidato0588@emailteste.com;Aprovado;LinkedIn;674
589;Fernanda Souza Vieira;candidato0589@emailteste.com;Aprovado;Gupy;256
590;Joao Souza Araújo;candidato0590@emailteste.com;Aprovado;LinkedIn;78
591;Paulo Oliveira Lima;candidato0591@emailteste.com;Entrevista;Indicacao;53
592;Helena Teixeira Carvalho;candidato0592@emailteste.com;Entrevista;Site;69
593;Helena Nascimento Gomes;candidato0593@emailteste.com;Aprovado;Indicacao;172
594;Amanda Ferreira Barbosa;candidato0594@emailteste.com;Aprovado;LinkedIn;3
595;Isabela Araújo Martins;candidato0595@emailteste.com;Reprovado;LinkedIn;957
596;Marcelo Vieira Nascimento;candidato0596@emailteste.com;Aprovado;Indicacao;437
597;Fernanda Teixeira Martins;candidato0597@emailteste.com;Entrevista;LinkedIn;32
598;Elias Souza Vieira;candidato0598@emailteste.com;Aprovado;Site;463
599;Daniela Ribeiro Almeida;candidato0599@emailteste.com;Aprovado;Indicacao;797
600;Patricia Martins Rodrigues;candidato0600@emailteste.com;Entrevista;Site;654
601;Felipe Melo Rodrigues;candidato0601@emailteste.com;Reprovado;Site;137
602;Elias Ribeiro Araújo;candidato0602@emailteste.com;Triagem;Indicacao;392
603;Ana Barbosa Silva;candidato0603@emailteste.com;Triagem;LinkedIn;302
604;Samuel Souza Costa;candidato0604@emailteste.com;Triagem;Site;522
605;Helena Ferreira Gomes;candidato0605@emailteste.com;Triagem;Site;797
606;Gabriela Silva Silva;candidato0606@emailteste.com;Reprovado;Site;555
607;Yasmin Santos Gomes;candidato0607@emailteste.com;Triagem;Site;139
608;Sofia Rodrigues Silva;candidato0608@emailteste.com;Reprovado;Site;173
609;Mariana Pereira Souza;candidato0609@emailteste.com;Triagem;Indicacao;892
610;Juliana Rodrigues Costa;candidato0610@emailteste.com;Entrevista;Gupy;186
611;Lucas Nascimento Rodrigues;candidato0611@emailteste.com;Aprovado;LinkedIn;549
612;Samuel Barbosa Lima;candidato0612@emailteste.com;Entrevista;Gupy;367
613;Yasmin Vieira Teixeira;candidato0613@emailteste.com;Aprovado;LinkedIn;2
614;Samuel Oliveira Santos;candidato0614@emailteste.com;Aprovado;Site;620
615;Henrique Costa Araújo;candidato0615@emailteste.com;Triagem;LinkedIn;959
616;Paulo Araújo Silva;candidato0616@emailteste.com;Aprovado;Gupy;327
617;Larissa Rodrigues Ferreira;candidato0617@emailteste.com;Entrevista;LinkedIn;811
618;Igor Martins Souza;candidato0618@emailteste.com;Aprovado;Site;570
619;Carla Teixeira Melo;candidato0619@emailteste.com;Entrevista;LinkedIn;131
620;Sofia Silva Oliveira;candidato0620@emailteste.com;Triagem;Indicacao;105
621;Zeca Martins Lima;candidato0621@emailteste.com;Entrevista;Indicacao;80
622;Zeca Lima Rodrigues;candidato0622@emailteste.com;Triagem;Indicacao;295
623;Natalia Nascimento Carvalho;candidato0623@emailteste.com;Reprovado;Indicacao;751
624;Isabela Nascimento Santos;candidato0624@emailteste.com;Entrevista;LinkedIn;657
625;Patricia Nascimento Teixeira;candidato0625@emailteste.com;Entrevista;LinkedIn;395
626;Olivia Araújo Barbosa;candidato0626@emailteste.com;Triagem;Gupy;476
627;Thiago Vieira Souza;candidato0627@emailteste.com;Entrevista;LinkedIn;228
628;Zeca Melo Gomes;candidato0628@emailteste.com;Entrevista;Site;611
629;Vanessa Silva Lima;candidato0629@emailteste.com;Aprovado;Indicacao;981
630;Daniela Barbosa Araújo;candidato0630@emailteste.com;Aprovado;LinkedIn;558
631;Samuel Ferreira Vieira;candidato0631@emailteste.com;Triagem;Site;618
632;Igor Vieira Santos;candidato0632@emailteste.com;Aprovado;Indicacao;916
633;Joao Pereira Teixeira;candidato0633@emailteste.com;Reprovado;LinkedIn;387
634;Eduarda Santos Ribeiro;candidato0634@emailteste.com;Aprovado;Site;471
635;Paulo Costa Melo;candidato0635@emailteste.com;Aprovado;Indicacao;455
636;Carla Oliveira Ribeiro;candidato0636@emailteste.com;Aprovado;Gupy;455
637;Helena Oliveira Costa;candidato0637@emailteste.com;Reprovado;LinkedIn;307
638;William Nascimento Santos;candidato0638@emailteste.com;Entrevista;Indicacao;226
639;Bruno Pereira Gomes;candidato0639@emailteste.com;Entrevista;Site;741
640;Gustavo Teixeira Teixeira;candidato0640@emailteste.com;Entrevista;Site;303
641;Samuel Martins Melo;candidato0641@emailteste.com;Reprovado;Gupy;331
642;Ana Nascimento Martins;candidato0642@emailteste.com;Entrevista;Gupy;762
643;Joao Gomes Ferreira;candidato0643@emailteste.com;Entrevista;Indicacao;525
644;Ana Santos Gomes;candidato0644@emailteste.com;Triagem;Site;727
645;Isabela Martins Souza;candidato0645@emailteste.com;Aprovado;Indicacao;253
646;Gustavo Teixeira Souza;candidato0646@emailteste.com;Aprovado;Indicacao;323
647;Marcelo Martins Vieira;candidato0647@emailteste.com;Triagem;Site;179
648;Otavio Vieira Ribeiro;candidato0648@emailteste.com;Triagem;Gupy;285
649;Juliana Araújo Melo;candidato0649@emailteste.com;Triagem;Gupy;782
650;Nicolas Costa Rodrigues;candidato0650@emailteste.com;Aprovado;Indicacao;368
651;Lucas Costa Oliveira;candidato0651@emailteste.com;Aprovado;Gupy;538
652;Fernanda Costa Santos;candidato0652@emailteste.com;Aprovado;LinkedIn;934
653;Isabela Teixeira Carvalho;candidato0653@emailteste.com;Reprovado;Gupy;927
654;Zeca Teixeira Oliveira;candidato0654@emailteste.com;Reprovado;Gupy;102
655;Otavio Martins Ferreira;candidato0655@emailteste.com;Entrevista;Gupy;28
656;Victor Oliveira Carvalho;candidato0656@emailteste.com;Reprovado;Gupy;927
657;Henrique Araújo Costa;candidato0657@emailteste.com;Entrevista;Site;392
658;Yasmin Almeida Barbosa;candidato0658@emailteste.com;Triagem;Site;227
659;Isabela Araújo Santos;candidato0659@emailteste.com;Entrevista;LinkedIn;860
660;Olivia Vieira Ferreira;candidato0660@emailteste.com;Triagem;Indicacao;545
661;Daniela Silva Ferreira;candidato0661@emailteste.com;Entrevista;LinkedIn;429
662;Gabriela Vieira Santos;candidato0662@emailteste.com;Triagem;Gupy;659
663;Paulo Almeida Araújo;candidato0663@emailteste.com;Entrevista;Site;619
664;Otavio Oliveira Teixeira;candidato0664@emailteste.com;Triagem;LinkedIn;60
665;Bruno Ferreira Vieira;candidato0665@emailteste.com;Aprovado;Site;102
666;Fernanda Rodrigues Ferreira;candidato0666@emailteste.com;Aprovado;Site;733
667;Samuel Barbosa Oliveira;candidato0667@emailteste.com;Aprovado;Indicacao;994
668;Yasmin Martins Silva;candidato0668@emailteste.com;Reprovado;Gupy;233
669;Ana Martins Araújo;candidato0669@emailteste.com;Entrevista;Gupy;761
670;Olivia Oliveira Ribeiro;candidato0670@emailteste.com;Reprovado;Site;939
671;Sofia Oliveira Martins;candidato0671@emailteste.com;Aprovado;Site;297
672;Larissa Martins Costa;candidato0672@emailteste.com;Reprovado;LinkedIn;802
673;Henrique Teixeira Martins;candidato0673@emailteste.com;Aprovado;Gupy;694
674;Zeca Souza Oliveira;candidato0674@emailteste.com;Reprovado;Site;439
675;Helena Carvalho Lima;candidato0675@emailteste.com;Triagem;Indicacao;182
676;Natalia Carvalho Oliveira;candidato0676@emailteste.com;Entrevista;LinkedIn;803
677;Vanessa Ferreira Nascimento;candidato0677@emailteste.com;Triagem;Indicacao;489
678;Thiago Santos Carvalho;candidato0678@emailteste.com;Triagem;LinkedIn;160
679;Isabela Costa Oliveira;candidato0679@emailteste.com;Triagem;Site;490
680;Thiago Melo Silva;candidato0680@emailteste.com;Reprovado;Site;648
681;Igor Almeida Lima;candidato0681@emailteste.com;Entrevista;Gupy;155
682;Mariana Barbosa Souza;candidato0682@emailteste.com;Aprovado;Gupy;74
683;Isabela Ribeiro Pereira;candidato0683@emailteste.com;Aprovado;Indicacao;425
684;Olivia Barbosa Oliveira;candidato0684@emailteste.com;Triagem;Indicacao;867
685;Joao Teixeira Martins;candidato0685@emailteste.com;Entrevista;LinkedIn;42
686;Bruno Costa Melo;candidato0686@emailteste.com;Aprovado;Gupy;584
687;Sofia Vieira Rodrigues;candidato0687@emailteste.com;Entrevista;LinkedIn;213
688;Joao Gomes Carvalho;candidato0688@emailteste.com;Aprovado;Site;390
689;Zeca Almeida Rodrigues;candidato0689@emailteste.com;Reprovado;Indicacao;106
690;Otavio Nascimento Almeida;candidato0690@emailteste.com;Reprovado;Site;351
691;Vanessa Oliveira Lima;candidato0691@emailteste.com;Entrevista;Gupy;43
692;Gabriela Souza Gomes;candidato0692@emailteste.com;Triagem;Site;824
693;Daniela Ferreira Carvalho;candidato0693@emailteste.com;Reprovado;Indicacao;189
694;Igor Melo Costa;candidato0694@emailteste.com;Aprovado;LinkedIn;825
695;Joao Barbosa Ferreira;candidato0695@emailteste.com;Aprovado;Indicacao;966
696;Daniela Costa Costa;candidato0696@emailteste.com;Reprovado;Indicacao;689
697;Gustavo Lima Ribeiro;candidato0697@emailteste.com;Reprovado;Site;267
698;Rafael Melo Pereira;candidato0698@emailteste.com;Aprovado;Site;164
699;Juliana Gomes Vieira;candidato0699@emailteste.com;Aprovado;Indicacao;851
700;Henrique Silva Martins;candidato0700@emailteste.com;Reprovado;Gupy;323
701;Ana Carvalho Vieira;candidato0701@emailteste.com;Entrevista;Site;335
702;Fernanda Nascimento Lima;candidato0702@emailteste.com;Triagem;Gupy;839
703;Diego Carvalho Rodrigues;candidato0703@emailteste.com;Reprovado;Site;729
704;Otavio Ferreira Teixeira;candidato0704@emailteste.com;Entrevista;Indicacao;720
705;Bruno Teixeira Melo;candidato0705@emailteste.com;Entrevista;Indicacao;702
706;Samuel Rodrigues Oliveira;candidato0706@emailteste.com;Entrevista;LinkedIn;309
707;Igor Araújo Silva;candidato0707@emailteste.com;Entrevista;Gupy;807
708;Mariana Martins Barbosa;candidato0708@emailteste.com;Reprovado;LinkedIn;294
709;Daniela Barbosa Vieira;candidato0709@emailteste.com;Reprovado;Gupy;383
710;Henrique Pereira Martins;candidato0710@emailteste.com;Triagem;Site;25
711;Nicolas Costa Teixeira;candidato0711@emailteste.com;Entrevista;LinkedIn;300
712;Larissa Nascimento Rodrigues;candidato0712@emailteste.com;Entrevista;Gupy;456
713;Joao Santos Vieira;candidato0713@emailteste.com;Aprovado;Indicacao;66
714;Gustavo Barbosa Ribeiro;candidato0714@emailteste.com;Reprovado;LinkedIn;405
715;Mariana Carvalho Costa;candidato0715@emailteste.com;Entrevista;Site;206
716;Ana Souza Oliveira;candidato0716@emailteste.com;Entrevista;Gupy;28
717;Diego Pereira Martins;candidato0717@emailteste.com;Aprovado;Gupy;398
718;Renata Nascimento Almeida;candidato0718@emailteste.com;Entrevista;Gupy;434
719;Larissa Vieira Ribeiro;candidato0719@emailteste.com;Triagem;Gupy;962
720;Sofia Teixeira Ribeiro;candidato0720@emailteste.com;Reprovado;LinkedIn;715
721;Nicolas Ribeiro Silva;candidato0721@emailteste.com;Aprovado;Indicacao;622
722;Tatiane Carvalho Teixeira;candidato0722@emailteste.com;Entrevista;LinkedIn;576
723;Elias Carvalho Gomes;candidato0723@emailteste.com;Triagem;LinkedIn;888
724;Mariana Rodrigues Gomes;candidato0724@emailteste.com;Aprovado;LinkedIn;930
725;Vanessa Almeida Araújo;candidato0725@emailteste.com;Triagem;LinkedIn;80
726;Gabriela Lima Martins;candidato0726@emailteste.com;Reprovado;LinkedIn;487
727;Daniela Pereira Santos;candidato0727@emailteste.com;Triagem;Gupy;975
728;Rafael Pereira Vieira;candidato0728@emailteste.com;Triagem;Indicacao;262
729;Eduarda Santos Martins;candidato0729@emailteste.com;Triagem;Indicacao;248
730;Eduarda Araújo Ribeiro;candidato0730@emailteste.com;Reprovado;Indicacao;78
731;Nicolas Lima Almeida;candidato0731@emailteste.com;Triagem;Indicacao;528
732;Nicolas Barbosa Martins;candidato0732@emailteste.com;Reprovado;Indicacao;361
733;Patricia Santos Almeida;candidato0733@emailteste.com;Triagem;LinkedIn;106
734;Gustavo Pereira Lima;candidato0734@emailteste.com;Reprovado;Indicacao;459
735;Henrique Barbosa Melo;candidato0735@emailteste.com;Aprovado;LinkedIn;94
736;Yasmin Santos Rodrigues;candidato0736@emailteste.com;Reprovado;LinkedIn;415
737;Yasmin Pereira Nascimento;candidato0737@emailteste.com;Entrevista;Site;719
738;Gabriela Carvalho Oliveira;candidato0738@emailteste.com;Triagem;Indicacao;529
739;Fernanda Carvalho Pereira;candidato0739@emailteste.com;Reprovado;LinkedIn;88
740;Vanessa Vieira Barbosa;candidato0740@emailteste.com;Reprovado;Site;365
741;William Pereira Almeida;candidato0741@emailteste.com;Entrevista;Gupy;424
742;Eduarda Barbosa Santos;candidato0742@emailteste.com;Aprovado;LinkedIn;341
743;Sofia Almeida Araújo;candidato0743@emailteste.com;Entrevista;Indicacao;366
744;Sofia Oliveira Vieira;candidato0744@emailteste.com;Aprovado;Site;336
745;Larissa Rodrigues Nascimento;candidato0745@emailteste.com;Aprovado;Gupy;374
746;Paulo Costa Vieira;candidato0746@emailteste.com;Entrevista;Indicacao;164
747;Fernanda Ribeiro Rodrigues;candidato0747@emailteste.com;Triagem;Site;928
748;Natalia Lima Nascimento;candidato0748@emailteste.com;Triagem;LinkedIn;698
749;Caio Nascimento Gomes;candidato0749@emailteste.com;Reprovado;Site;562
750;Otavio Teixeira Almeida;candidato0750@emailteste.com;Triagem;Gupy;7
751;Joao Pereira Lima;candidato0751@emailteste.com;Entrevista;Gupy;923
752;Marcelo Ferreira Barbosa;candidato0752@emailteste.com;Reprovado;Site;607
753;Thiago Costa Gomes;candidato0753@emailteste.com;Aprovado;LinkedIn;654
754;Elias Santos Ferreira;candidato0754@emailteste.com;Aprovado;Gupy;896
755;Rafael Araújo Martins;candidato0755@emailteste.com;Reprovado;LinkedIn;992
756;Paulo Silva Nascimento;candidato0756@emailteste.com;Reprovado;Gupy;964
757;Ana Nascimento Vieira;candidato0757@emailteste.com;Reprovado;Gupy;908
758;Ana Melo Costa;candidato0758@emailteste.com;Entrevista;Site;813
759;Natalia Barbosa Melo;candidato0759@emailteste.com;Triagem;LinkedIn;900
760;Patricia Martins Rodrigues;candidato0760@emailteste.com;Aprovado;Gupy;710
761;Natalia Pereira Ribeiro;candidato0761@emailteste.com;Entrevista;LinkedIn;799
762;Yasmin Santos Silva;candidato0762@emailteste.com;Reprovado;LinkedIn;150
763;Eduarda Santos Rodrigues;candidato0763@emailteste.com;Aprovado;Gupy;199
764;Tatiane Martins Barbosa;candidato0764@emailteste.com;Entrevista;LinkedIn;358
765;Natalia Melo Barbosa;candidato0765@emailteste.com;Triagem;Site;958
766;Henrique Vieira Vieira;candidato0766@emailteste.com;Reprovado;LinkedIn;386
767;Elias Teixeira Carvalho;candidato0767@emailteste.com;Aprovado;Site;413
768;Marcelo Carvalho Martins;candidato0768@emailteste.com;Triagem;Site;537
769;Paulo Almeida Martins;candidato0769@emailteste.com;Aprovado;LinkedIn;18
770;Zeca Araújo Rodrigues;candidato0770@emailteste.com;Entrevista;Indicacao;968
771;Isabela Ribeiro Araújo;candidato0771@emailteste.com;Entrevista;Site;640
772;Mariana Ferreira Rodrigues;candidato0772@emailteste.com;Triagem;LinkedIn;779
773;Renata Costa Teixeira;candidato0773@emailteste.com;Triagem;Site;22
774;Elias Martins Barbosa;candidato0774@emailteste.com;Entrevista;Site;52
775;Henrique Lima Barbosa;candidato0775@emailteste.com;Triagem;LinkedIn;930
776;Caio Santos Souza;candidato0776@emailteste.com;Triagem;LinkedIn;407
777;Joao Carvalho Silva;candidato0777@emailteste.com;Triagem;LinkedIn;138
778;Gustavo Araújo Nascimento;candidato0778@emailteste.com;Entrevista;Indicacao;865
779;Marcelo Lima Teixeira;candidato0779@emailteste.com;Reprovado;Gupy;226
780;Amanda Martins Pereira;candidato0780@emailteste.com;Entrevista;Indicacao;504
781;Felipe Teixeira Ferreira;candidato0781@emailteste.com;Triagem;Indicacao;585
782;Gustavo Barbosa Vieira;candidato0782@emailteste.com;Triagem;Indicacao;394
783;Paulo Pereira Carvalho;candidato0783@emailteste.com;Reprovado;Indicacao;696
784;Paulo Rodrigues Silva;candidato0784@emailteste.com;Entrevista;LinkedIn;966
785;Otavio Rodrigues Carvalho;candidato0785@emailteste.com;Reprovado;Indicacao;150
786;Rafael Rodrigues Martins;candidato0786@emailteste.com;Reprovado;Indicacao;271
787;William Ferreira Barbosa;candidato0787@emailteste.com;Entrevista;Indicacao;3
788;Carla Santos Rodrigues;candidato0788@emailteste.com;Triagem;Site;681
789;Diego Oliveira Martins;candidato0789@emailteste.com;Reprovado;LinkedIn;328
790;Felipe Vieira Silva;candidato0790@emailteste.com;Aprovado;Indicacao;214
791;Joao Barbosa Souza;candidato0791@emailteste.com;Reprovado;Gupy;748
792;Diego Almeida Costa;candidato0792@emailteste.com;Aprovado;Site;866
793;Nicolas Ribeiro Teixeira;candidato0793@emailteste.com;Entrevista;LinkedIn;92
794;Diego Santos Santos;candidato0794@emailteste.com;Triagem;Gupy;68
795;Thiago Melo Pereira;candidato0795@emailteste.com;Triagem;LinkedIn;829
796;Victor Nascimento Santos;candidato0796@emailteste.com;Entrevista;Gupy;344
797;Samuel Oliveira Lima;candidato0797@emailteste.com;Entrevista;LinkedIn;637
798;Olivia Santos Gomes;candidato0798@emailteste.com;Entrevista;Site;428
799;Igor Oliveira Costa;candidato0799@emailteste.com;Reprovado;Site;175
800;Sofia Silva Pereira;candidato0800@emailteste.com;Triagem;Gupy;141
801;Igor Pereira Oliveira;candidato0801@emailteste.com;Aprovado;Indicacao;799
802;Marcelo Gomes Melo;candidato0802@emailteste.com;Triagem;Indicacao;934
803;Olivia Oliveira Oliveira;candidato0803@emailteste.com;Triagem;Indicacao;698
804;Thiago Almeida Costa;candidato0804@emailteste.com;Triagem;Site;510
805;Mariana Teixeira Melo;candidato0805@emailteste.com;Aprovado;Gupy;97
806;Thiago Vieira Souza;candidato0806@emailteste.com;Aprovado;Gupy;684
807;Igor Teixeira Costa;candidato0807@emailteste.com;Reprovado;Site;752
808;Daniela Silva Souza;candidato0808@emailteste.com;Reprovado;Site;438
809;Natalia Souza Pereira;candidato0809@emailteste.com;Reprovado;Site;408
810;Isabela Pereira Nascimento;candidato0810@emailteste.com;Entrevista;Site;950
811;Paulo Carvalho Nascimento;candidato0811@emailteste.com;Aprovado;LinkedIn;90
812;Gustavo Ferreira Melo;candidato0812@emailteste.com;Reprovado;Gupy;607
813;Juliana Ferreira Carvalho;candidato0813@emailteste.com;Reprovado;Site;455
814;Patricia Pereira Silva;candidato0814@emailteste.com;Entrevista;Site;660
815;Gustavo Oliveira Ribeiro;candidato0815@emailteste.com;Aprovado;Gupy;192
816;Thiago Teixeira Nascimento;candidato0816@emailteste.com;Triagem;Site;299
817;William Vieira Costa;candidato0817@emailteste.com;Aprovado;LinkedIn;139
818;Amanda Lima Teixeira;candidato0818@emailteste.com;Reprovado;Site;477
819;Joao Carvalho Lima;candidato0819@emailteste.com;Reprovado;Site;304
820;Bruno Nascimento Almeida;candidato0820@emailteste.com;Aprovado;LinkedIn;325
821;Bruno Oliveira Martins;candidato0821@emailteste.com;Triagem;Site;112
822;Fernanda Lima Barbosa;candidato0822@emailteste.com;Entrevista;LinkedIn;977
823;Isabela Vieira Araújo;candidato0823@emailteste.com;Reprovado;Indicacao;821
824;Felipe Nascimento Nascimento;candidato0824@emailteste.com;Reprovado;LinkedIn;664
825;Henrique Martins Pereira;candidato0825@emailteste.com;Reprovado;LinkedIn;58
826;Elias Santos Silva;candidato0826@emailteste.com;Entrevista;Indicacao;277
827;Yasmin Ferreira Pereira;candidato0827@emailteste.com;Reprovado;Site;358
828;Marcelo Santos Costa;candidato0828@emailteste.com;Triagem;Gupy;604
829;Mariana Silva Souza;candidato0829@emailteste.com;Triagem;Gupy;349
830;Ana Oliveira Pereira;candidato0830@emailteste.com;Reprovado;LinkedIn;506
831;Samuel Ferreira Vieira;candidato0831@emailteste.com;Triagem;Site;678
832;Yasmin Araújo Rodrigues;candidato0832@emailteste.com;Entrevista;Gupy;233
833;Mariana Carvalho Teixeira;candidato0833@emailteste.com;Entrevista;LinkedIn;650
834;Thiago Silva Ribeiro;candidato0834@emailteste.com;Entrevista;LinkedIn;14
835;Otavio Almeida Silva;candidato0835@emailteste.com;Entrevista;Indicacao;805
836;Lucas Ribeiro Carvalho;candidato0836@emailteste.com;Entrevista;Indicacao;719
837;Vanessa Melo Araújo;candidato0837@emailteste.com;Entrevista;Site;968
838;Tatiane Silva Lima;candidato0838@emailteste.com;Reprovado;LinkedIn;827
839;Samuel Martins Ribeiro;candidato0839@emailteste.com;Aprovado;Site;695
840;Otavio Gomes Santos;candidato0840@emailteste.com;Reprovado;Site;808
841;Nicolas Araújo Martins;candidato0841@emailteste.com;Aprovado;Indicacao;225
842;Renata Lima Oliveira;candidato0842@emailteste.com;Aprovado;Site;672
843;Igor Nascimento Nascimento;candidato0843@emailteste.com;Reprovado;Indicacao;950
844;Patricia Almeida Gomes;candidato0844@emailteste.com;Entrevista;Indicacao;576
845;Olivia Araújo Nascimento;candidato0845@emailteste.com;Reprovado;Gupy;876
846;Helena Barbosa Almeida;candidato0846@emailteste.com;Reprovado;Site;850
847;Victor Pereira Lima;candidato0847@emailteste.com;Entrevista;Gupy;31
848;Marcelo Barbosa Araújo;candidato0848@emailteste.com;Reprovado;LinkedIn;947
849;Patricia Teixeira Martins;candidato0849@emailteste.com;Entrevista;Gupy;792
850;Helena Teixeira Nascimento;candidato0850@emailteste.com;Entrevista;Indicacao;308
851;Paulo Carvalho Teixeira;candidato0851@emailteste.com;Aprovado;LinkedIn;365
852;Bruno Martins Lima;candidato0852@emailteste.com;Triagem;Indicacao;739
853;Carla Teixeira Ferreira;candidato0853@emailteste.com;Aprovado;Site;475
854;Juliana Silva Santos;candidato0854@emailteste.com;Reprovado;Gupy;288
855;Lucas Teixeira Almeida;candidato0855@emailteste.com;Triagem;Site;458
856;Olivia Barbosa Rodrigues;candidato0856@emailteste.com;Aprovado;Indicacao;651
857;Daniela Silva Costa;candidato0857@emailteste.com;Triagem;LinkedIn;432
858;Isabela Lima Nascimento;candidato0858@emailteste.com;Aprovado;LinkedIn;363
859;Carla Rodrigues Silva;candidato0859@emailteste.com;Aprovado;Indicacao;24
860;Lucas Nascimento Souza;candidato0860@emailteste.com;Aprovado;Gupy;352
861;Olivia Oliveira Rodrigues;candidato0861@emailteste.com;Reprovado;Indicacao;791
862;Olivia Costa Barbosa;candidato0862@emailteste.com;Aprovado;Gupy;81
863;Gabriela Souza Rodrigues;candidato0863@emailteste.com;Entrevista;Indicacao;590
864;Bruno Gomes Ferreira;candidato0864@emailteste.com;Reprovado;Indicacao;190
865;Marcelo Gomes Rodrigues;candidato0865@emailteste.com;Reprovado;Site;928
866;Lucas Araújo Souza;candidato0866@emailteste.com;Triagem;Indicacao;508
867;Olivia Pereira Almeida;candidato0867@emailteste.com;Aprovado;Indicacao;300
868;Caio Oliveira Gomes;candidato0868@emailteste.com;Reprovado;LinkedIn;818
869;Yasmin Oliveira Vieira;candidato0869@emailteste.com;Entrevista;Indicacao;97
870;Felipe Barbosa Martins;candidato0870@emailteste.com;Aprovado;Indicacao;321
871;Olivia Melo Santos;candidato0871@emailteste.com;Reprovado;Gupy;486
872;Lucas Nascimento Souza;candidato0872@emailteste.com;Reprovado;Site;205
873;Paulo Melo Gomes;candidato0873@emailteste.com;Reprovado;LinkedIn;864
874;Isabela Oliveira Lima;candidato0874@emailteste.com;Reprovado;Indicacao;987
875;Igor Ferreira Carvalho;candidato0875@emailteste.com;Aprovado;LinkedIn;178
876;Igor Silva Pereira;candidato0876@emailteste.com;Aprovado;LinkedIn;524
877;Larissa Ribeiro Ferreira;candidato0877@emailteste.com;Triagem;LinkedIn;435
878;Vanessa Costa Oliveira;candidato0878@emailteste.com;Reprovado;Gupy;21
879;Paulo Teixeira Teixeira;candidato0879@emailteste.com;Aprovado;LinkedIn;447
880;Otavio Santos Martins;candidato0880@emailteste.com;Aprovado;LinkedIn;730
881;Caio Teixeira Vieira;candidato0881@emailteste.com;Entrevista;Gupy;937
882;Helena Melo Costa;candidato0882@emailteste.com;Triagem;Gupy;976
883;Nicolas Gomes Costa;candidato0883@emailteste.com;Triagem;Indicacao;515
884;Daniela Oliveira Martins;candidato0884@emailteste.com;Entrevista;LinkedIn;149
885;Elias Teixeira Costa;candidato0885@emailteste.com;Reprovado;Indicacao;376
886;Carla Rodrigues Nascimento;candidato0886@emailteste.com;Entrevista;Gupy;110
887;Paulo Gomes Rodrigues;candidato0887@emailteste.com;Reprovado;Indicacao;786
888;Elias Melo Ribeiro;candidato0888@emailteste.com;Reprovado;Gupy;621
889;Zeca Oliveira Souza;candidato0889@emailteste.com;Aprovado;Indicacao;605
890;Bruno Martins Gomes;candidato0890@emailteste.com;Entrevista;LinkedIn;534
891;Mariana Martins Costa;candidato0891@emailteste.com;Reprovado;Indicacao;231
892;Felipe Santos Ferreira;candidato0892@emailteste.com;Reprovado;Site;122
893;Gabriela Lima Silva;candidato0893@emailteste.com;Reprovado;Gupy;700
894;William Souza Melo;candidato0894@emailteste.com;Entrevista;Site;925
895;Caio Oliveira Melo;candidato0895@emailteste.com;Entrevista;Gupy;522
896;Henrique Carvalho Rodrigues;candidato0896@emailteste.com;Triagem;LinkedIn;749
897;Patricia Barbosa Costa;candidato0897@emailteste.com;Entrevista;Gupy;101
898;William Nascimento Costa;candidato0898@emailteste.com;Reprovado;LinkedIn;806
899;Amanda Melo Almeida;candidato0899@emailteste.com;Reprovado;Site;797
900;Natalia Souza Silva;candidato0900@emailteste.com;Aprovado;Gupy;579
901;Patricia Melo Barbosa;candidato0901@emailteste.com;Triagem;Site;659
902;Tatiane Araújo Teixeira;candidato0902@emailteste.com;Triagem;Indicacao;885
903;Mariana Santos Gomes;candidato0903@emailteste.com;Aprovado;Indicacao;53
904;Ana Ferreira Silva;candidato0904@emailteste.com;Entrevista;Site;761
905;Rafael Costa Nascimento;candidato0905@emailteste.com;Reprovado;LinkedIn;909
906;Nicolas Martins Araújo;candidato0906@emailteste.com;Triagem;Gupy;609
907;Amanda Pereira Ribeiro;candidato0907@emailteste.com;Reprovado;Site;49
908;Paulo Santos Gomes;candidato0908@emailteste.com;Triagem;Gupy;280
909;Helena Melo Araújo;candidato0909@emailteste.com;Aprovado;LinkedIn;550
910;Joao Costa Carvalho;candidato0910@emailteste.com;Triagem;LinkedIn;78
911;Paulo Nascimento Rodrigues;candidato0911@emailteste.com;Reprovado;Gupy;74
912;Diego Lima Souza;candidato0912@emailteste.com;Entrevista;Gupy;288
913;Fernanda Santos Souza;candidato0913@emailteste.com;Aprovado;Gupy;153
914;Ana Souza Costa;candidato0914@emailteste.com;Entrevista;Indicacao;816
915;Paulo Ferreira Santos;candidato0915@emailteste.com;Entrevista;LinkedIn;903
916;Fernanda Pereira Souza;candidato0916@emailteste.com;Reprovado;Gupy;426
917;Ana Costa Nascimento;candidato0917@emailteste.com;Triagem;Site;252
918;Fernanda Teixeira Silva;candidato0918@emailteste.com;Reprovado;Indicacao;664
919;Otavio Carvalho Barbosa;candidato0919@emailteste.com;Entrevista;LinkedIn;44
920;Bruno Araújo Rodrigues;candidato0920@emailteste.com;Triagem;Indicacao;716
921;Gabriela Santos Barbosa;candidato0921@emailteste.com;Triagem;Site;117
922;Igor Costa Gomes;candidato0922@emailteste.com;Aprovado;LinkedIn;814
923;Sofia Teixeira Lima;candidato0923@emailteste.com;Triagem;Gupy;222
924;Marcelo Silva Pereira;candidato0924@emailteste.com;Aprovado;LinkedIn;784
925;Henrique Vieira Oliveira;candidato0925@emailteste.com;Aprovado;Indicacao;371
926;Renata Araújo Carvalho;candidato0926@emailteste.com;Reprovado;Gupy;632
927;Gustavo Araújo Lima;candidato0927@emailteste.com;Reprovado;LinkedIn;615
928;Lucas Melo Carvalho;candidato0928@emailteste.com;Reprovado;LinkedIn;242
929;Larissa Melo Souza;candidato0929@emailteste.com;Reprovado;Gupy;867
930;Igor Costa Vieira;candidato0930@emailteste.com;Aprovado;Site;110
931;Isabela Ribeiro Ribeiro;candidato0931@emailteste.com;Reprovado;Gupy;963
932;Bruno Araújo Araújo;candidato0932@emailteste.com;Reprovado;Gupy;470
933;Gabriela Almeida Nascimento;candidato0933@emailteste.com;Reprovado;Indicacao;843
934;Carla Ferreira Rodrigues;candidato0934@emailteste.com;Entrevista;Indicacao;684
935;Fernanda Oliveira Martins;candidato0935@emailteste.com;Aprovado;Site;908
936;Fernanda Ferreira Barbosa;candidato0936@emailteste.com;Reprovado;Gupy;745
937;Nicolas Silva Martins;candidato0937@emailteste.com;Triagem;LinkedIn;825
938;Marcelo Carvalho Souza;candidato0938@emailteste.com;Aprovado;Gupy;642
939;Gabriela Araújo Ferreira;candidato0939@emailteste.com;Aprovado;Gupy;116
940;Yasmin Ribeiro Nascimento;candidato0940@emailteste.com;Reprovado;Gupy;909
941;Helena Gomes Barbosa;candidato0941@emailteste.com;Triagem;Indicacao;398
942;Amanda Ribeiro Nascimento;candidato0942@emailteste.com;Reprovado;Site;950
943;Bruno Almeida Ribeiro;candidato0943@emailteste.com;Entrevista;LinkedIn;29
944;Samuel Nascimento Costa;candidato0944@emailteste.com;Reprovado;Gupy;412
945;Olivia Oliveira Araújo;candidato0945@emailteste.com;Entrevista;Gupy;799
946;Yasmin Souza Ferreira;candidato0946@emailteste.com;Reprovado;LinkedIn;393
947;Caio Teixeira Costa;candidato0947@emailteste.com;Aprovado;LinkedIn;45
948;Renata Santos Ribeiro;candidato0948@emailteste.com;Entrevista;LinkedIn;84
949;Sofia Melo Ferreira;candidato0949@emailteste.com;Entrevista;Gupy;288
950;Natalia Souza Pereira;candidato0950@emailteste.com;Entrevista;LinkedIn;90
951;Sofia Souza Melo;candidato0951@emailteste.com;Reprovado;LinkedIn;869
952;Natalia Lima Melo;candidato0952@emailteste.com;Aprovado;Site;916
953;Tatiane Vieira Teixeira;candidato0953@emailteste.com;Reprovado;LinkedIn;324
954;Juliana Rodrigues Souza;candidato0954@emailteste.com;Reprovado;LinkedIn;114
955;Samuel Nascimento Carvalho;candidato0955@emailteste.com;Aprovado;Site;365
956;Rafael Souza Nascimento;candidato0956@emailteste.com;Triagem;LinkedIn;444
957;Eduarda Barbosa Almeida;candidato0957@emailteste.com;Aprovado;Site;883
958;Paulo Souza Carvalho;candidato0958@emailteste.com;Entrevista;LinkedIn;173
959;Yasmin Melo Araújo;candidato0959@emailteste.com;Aprovado;Site;838
960;Lucas Carvalho Souza;candidato0960@emailteste.com;Reprovado;Indicacao;624
961;Helena Almeida Barbosa;candidato0961@emailteste.com;Triagem;LinkedIn;588
962;Nicolas Pereira Vieira;candidato0962@emailteste.com;Triagem;Site;544
963;Juliana Santos Souza;candidato0963@emailteste.com;Entrevista;LinkedIn;512
964;Eduarda Carvalho Barbosa;candidato0964@emailteste.com;Aprovado;Gupy;815
965;Juliana Souza Ribeiro;candidato0965@emailteste.com;Entrevista;Gupy;432
966;Henrique Costa Oliveira;candidato0966@emailteste.com;Reprovado;Indicacao;275
967;William Santos Santos;candidato0967@emailteste.com;Aprovado;LinkedIn;249
968;Natalia Ferreira Teixeira;candidato0968@emailteste.com;Aprovado;Indicacao;381
969;Rafael Lima Pereira;candidato0969@emailteste.com;Entrevista;Indicacao;712
970;Helena Costa Teixeira;candidato0970@emailteste.com;Triagem;Gupy;494
971;Samuel Almeida Teixeira;candidato0971@emailteste.com;Entrevista;Gupy;933
972;Amanda Lima Souza;candidato0972@emailteste.com;Reprovado;Indicacao;72
973;Yasmin Ferreira Lima;candidato0973@emailteste.com;Triagem;Indicacao;853
974;Otavio Carvalho Ferreira;candidato0974@emailteste.com;Triagem;Gupy;724
975;Mariana Ribeiro Santos;candidato0975@emailteste.com;Triagem;Site;239
976;Vanessa Teixeira Gomes;candidato0976@emailteste.com;Aprovado;Indicacao;101
977;Nicolas Nascimento Gomes;candidato0977@emailteste.com;Aprovado;Gupy;97
978;Amanda Ribeiro Almeida;candidato0978@emailteste.com;Triagem;Gupy;9
979;Natalia Teixeira Ribeiro;candidato0979@emailteste.com;Aprovado;LinkedIn;667
980;William Carvalho Martins;candidato0980@emailteste.com;Aprovado;Site;139
981;Samuel Santos Nascimento;candidato0981@emailteste.com;Entrevista;LinkedIn;472
982;Natalia Almeida Lima;candidato0982@emailteste.com;Triagem;Site;411
983;Patricia Oliveira Oliveira;candidato0983@emailteste.com;Entrevista;Gupy;987
984;Zeca Barbosa Almeida;candidato0984@emailteste.com;Reprovado;Site;30
985;Natalia Rodrigues Souza;candidato0985@emailteste.com;Reprovado;Gupy;724
986;Tatiane Silva Ferreira;candidato0986@emailteste.com;Aprovado;Gupy;667
987;Juliana Ferreira Gomes;candidato0987@emailteste.com;Triagem;Gupy;831
988;Diego Carvalho Costa;candidato0988@emailteste.com;Entrevista;Gupy;445
989;Amanda Martins Silva;candidato0989@emailteste.com;Triagem;LinkedIn;665
990;Victor Martins Gomes;candidato0990@emailteste.com;Entrevista;Indicacao;780
991;Thiago Gomes Rodrigues;candidato0991@emailteste.com;Triagem;Gupy;710
992;Samuel Costa Araújo;candidato0992@emailteste.com;Triagem;Indicacao;450
993;Helena Araújo Oliveira;candidato0993@emailteste.com;Triagem;Site;674
994;Eduarda Lima Carvalho;candidato0994@emailteste.com;Aprovado;LinkedIn;628
995;Vanessa Martins Souza;candidato0995@emailteste.com;Aprovado;Site;360
996;Mariana Teixeira Nascimento;candidato0996@emailteste.com;Triagem;Gupy;479
997;Carla Lima Martins;candidato0997@emailteste.com;Entrevista;Indicacao;859
998;Amanda Oliveira Teixeira;candidato0998@emailteste.com;Triagem;Gupy;395
999;Eduarda Oliveira Silva;candidato0999@emailteste.com;Entrevista;Indicacao;393
1000;Amanda Teixeira Gomes;candidato1000@emailteste.com;Entrevista;Gupy;37
