id_post,id_campanha,plataforma,tipo_conteudo,descricao,url_midia,data_publicacao,curtidas,comentarios,compartilhamentos,alcance
216,9,TikTok,,Post 216: Evento,https://cdn.restaurante.com.br/media/216.jpg,,2075,232,256,24329
117,116,Instagram,Post,Post 117: Promoção,,2022-08-25 22:15:00,243,422,160,12972
102,51,YouTube,Story,Post 102: Promoção,https://cdn.restaurante.com.br/media/102.jpg,2023-07-10 11:42:00,4493,168,256,32618
87,104,Instagram,Story,Post 87: Cardápio novo,https://cdn.restaurante.com.br/media/87.jpg,2022-07-22 11:50:00,2240,341,245,-76
12,13,Instagram,Reels,Post 12: Prato do dia,,2024-01-30 20:12:00,1455,68,82,20976
81,187,Facebook,Video,Post 81: Prato do dia,https://cdn.restaurante.com.br/media/81.jpg,2024-07-02 08:51:00,1934,378,51,13128
4,15,Facebook,Carrossel,Post 4: Promoção,https://cdn.restaurante.com.br/media/4.jpg,2023-02-10 09:30:00,4816,190,142,-24
6,,YouTube,Story,Post 6: Promoção,https://cdn.restaurante.com.br/media/6.jpg,2022-10-09 12:03:00,867,,181,46157
150,202,Instagram,Story,Post 150: Promoção,https://cdn.restaurante.com.br/media/150.jpg,2022-03-18 19:44:00,muitos,203,77,28030
146,140,Facebook,Post,Post 146: Cardápio novo,https://cdn.restaurante.com.br/media/146.jpg,2024-08-24 10:56:00,65,327,233,14729
78,143,TikTok,Live,Post 78: Cardápio novo,https://cdn.restaurante.com.br/media/78.jpg,2024-03-10 10:25:00,1721,258,134,37798
143,212,Twitter/X,Video,Post 143: Promoção,https://cdn.restaurante.com.br/media/143.jpg,,3390,33,243,6121
165,51,TikTok,Story,Post 165: Evento,https://cdn.restaurante.com.br/media/165.jpg,,4481,483,219,45767
76,118,Facebook,Post,Post 76: Cardápio novo,https://cdn.restaurante.com.br/media/76.jpg,2024-07-11 17:32:00,220,77,,15162
121,,twitter,Carrossel,Post 121: Promoção,https://cdn.restaurante.com.br/media/121.jpg,2022-04-11 19:19:00,,266,278,29379
35,156,,Live,Post 35: Cardápio novo,https://cdn.restaurante.com.br/media/35.jpg,2024-12-17 19:12:00,4911,,79,-9
201,195,YouTube,Story,Post 201: Prato do dia,https://cdn.restaurante.com.br/media/201.jpg,2023-07-12 22:58:00,67,127,291,28045
44,211,Twitter/X,Story,Post 44: Cardápio novo,https://cdn.restaurante.com.br/media/44.jpg,2022-02-13 18:28:00,101,77,200,
181,110,Instagram,storie,Post 181: Prato do dia,https://cdn.restaurante.com.br/media/181.jpg,2022-09-23 09:16:00,816,399,25,31872
167,45,Twitter/X,Video,Post 167: Evento,https://cdn.restaurante.com.br/media/167.jpg,2022-01-17 08:29:00,muitos,469,100,38578
30,21,TikTok,Video,,https://cdn.restaurante.com.br/media/30.jpg,2022-10-20 12:10:00,muitos,110,208,
113,182,YouTube,,Post 113: Evento,https://cdn.restaurante.com.br/media/113.jpg,2023-07-20 16:33:00,2940,218,199,42557
124,45,YouTube,Post,Post 124: Promoção,https://cdn.restaurante.com.br/media/124.jpg,2022-11-29 12:10:00,503,122,109,15027
37,3,Facebook,REELS,Post 37: Cardápio novo,https://cdn.restaurante.com.br/media/37.jpg,2023-04-24 13:53:00,4671,477,248,32630
200,189,Twitter/X,Story,Post 200: Evento,https://cdn.restaurante.com.br/media/200.jpg,2022-03-18 16:27:00,2965,,147,14481
197,127,YouTube,Video,Post 197: Promoção,,2022-05-14 22:12:00,2620,,68,22286
73,25,Twitter/X,Carrossel,Post 73: Promoção,https://cdn.restaurante.com.br/media/73.jpg,2023-08-09 16:27:00,4994,187,58,48005
80,151,Twitter/X,Live,Post 80: Prato do dia,https://cdn.restaurante.com.br/media/80.jpg,2022-10-22 14:35:00,1892,114,140,48189
9,136,YouTube,Story,Post 9: Evento,https://cdn.restaurante.com.br/media/9.jpg,2024-06-14 19:50:00,3313,403,88,4491
214,131,Twitter/X,Video,Post 214: Prato do dia,https://cdn.restaurante.com.br/media/214.jpg,2022-01-01 12:46:00,4780,210,204,48768
133,8,TikTok,Carrossel,Post 133: Promoção,https://cdn.restaurante.com.br/media/133.jpg,2024-03-15 12:11:00,1804,446,188,5972
91,201,Twitter/X,,,https://cdn.restaurante.com.br/media/91.jpg,2023-11-17 13:37:00,1496,248,224,26113
3,101,YouTube,Post,Post 3: Prato do dia,https://cdn.restaurante.com.br/media/3.jpg,2022-02-24 13:36:00,4410,330,118,12434
153,151,tik tok,Reels,Post 153: Promoção,https://cdn.restaurante.com.br/media/153.jpg,2024-10-11 22:07:00,1662,,29,
10,44,Facebook,Story,Post 10: Evento,https://cdn.restaurante.com.br/media/10.jpg,2022-01-18 20:06:00,2889,373,207,13899
50,43,--,Post,Post 50: Promoção,,32/06/2023,1294,,102,31445
211,114,TikTok,Story,Post 211: Evento,https://cdn.restaurante.com.br/media/211.jpg,2024-08-22 20:13:00,1703,30,29,-36
64,170,Instagram,Story,Post 64: Cardápio novo,https://cdn.restaurante.com.br/media/64.jpg,30-05-2022,3689,223,83,12698
107,70,,Video,Post 107: Cardápio novo,https://cdn.restaurante.com.br/media/107.jpg,2023-02-25 18:17:00,822,144,23,
18,149,Twitter/X,Story,Post 18: Prato do dia,https://cdn.restaurante.com.br/media/18.jpg,2024-05-25 08:19:00,3363,377,48,22604
134,67,,Carrossel,Post 134: Promoção,https://cdn.restaurante.com.br/media/134.jpg,2022-11-24 10:17:00,muitos,147,188,12616
161,135,Instagram,Story,Post 161: Prato do dia,https://cdn.restaurante.com.br/media/161.jpg,2022-03-31 08:45:00,2145,,92,36410
158,140,TikTok,vid,Post 158: Prato do dia,https://cdn.restaurante.com.br/media/158.jpg,2024-03-23 22:49:00,1322,235,205,12587
207,218,Twitter/X,Carrossel,Post 207: Cardápio novo,https://cdn.restaurante.com.br/media/207.jpg,2023-11-14 09:51:00,1707,0,150,
32,216,YouTube,Post,Post 32: Promoção,https://cdn.restaurante.com.br/media/32.jpg,2023-12-23 21:45:00,4082,127,265,28293
47,5,YouTube,Video,Post 47: Promoção,https://cdn.restaurante.com.br/media/47.jpg,2022-01-15 15:30:00,2976,364,142,22392
26,14,Instagram,Live,Post 26: Prato do dia,https://cdn.restaurante.com.br/media/26.jpg,2022-08-17 14:30:00,45,197,192,42046
34,152,YouTube,Reels,,https://cdn.restaurante.com.br/media/34.jpg,2023-05-23 11:20:00,3911,442,204,40347
180,45,yt,Video,Post 180: Cardápio novo,https://cdn.restaurante.com.br/media/180.jpg,2022-06-07 22:48:00,4284,62,210,-69
16,74,Twitter/X,Story,Post 16: Prato do dia,https://cdn.restaurante.com.br/media/16.jpg,2022-06-09 20:31:00,2200,176,219,24170
180,45,yt,Video,Post 180: Cardápio novo,https://cdn.restaurante.com.br/media/180.jpg,2022-06-07 22:48:00,4284,62,210,-69
172,8,YouTube,Video,Post 172: Evento,https://cdn.restaurante.com.br/media/172.jpg,2023-13-01,,119,42,44228
101,171,Facebook,Video,Post 101: Promoção,https://cdn.restaurante.com.br/media/101.jpg,2024-04-15 10:48:00,4723,282,173,21096
119,168,Twitter/X,Carrossel,Post 119: Evento,https://cdn.restaurante.com.br/media/119.jpg,2023-08-13 19:56:00,4510,18,89,10080
219,29,TikTok,Reels,Post 219: Prato do dia,https://cdn.restaurante.com.br/media/219.jpg,,795,300,112,21179
145,199,Facebook,Story,Post 145: Prato do dia,https://cdn.restaurante.com.br/media/145.jpg,2023-02-23 10:57:00,1464,245,196,
208,50,Facebook,Video,Post 208: Cardápio novo,,2023-07-31 11:40:00,3301,,193,19331
173,211,Facebook,Reels,Post 173: Prato do dia,https://cdn.restaurante.com.br/media/173.jpg,2024-05-07 15:14:00,818,485,,14928
90,19,TikTok,Carrossel,Post 90: Cardápio novo,https://cdn.restaurante.com.br/media/90.jpg,03-12-2022,2009,397,179,6115
59,177,Twitter/X,carrosel,Post 59: Promoção,https://cdn.restaurante.com.br/media/59.jpg,2023-10-25 14:36:00,568,103,282,-51
13,29,Twitter/X,Post,,https://cdn.restaurante.com.br/media/13.jpg,2024-08-28 14:55:00,2305,111,269,-74
14,51,Instagram,live agora,Post 14: Promoção,https://cdn.restaurante.com.br/media/14.jpg,2023-06-15 12:45:00,3565,153,70,16675
191,12,YouTube,Reels,Post 191: Prato do dia,https://cdn.restaurante.com.br/media/191.jpg,2024-09-02 18:10:00,2423,190,264,24240
111,,Facebook,Carrossel,Post 111: Prato do dia,https://cdn.restaurante.com.br/media/111.jpg,2024-11-10 13:31:00,3511,96,36,19163
130,160,FACEBOOK,Video,Post 130: Cardápio novo,https://cdn.restaurante.com.br/media/130.jpg,2022-08-22 14:30:00,3619,12,197,44854
124,45,YouTube,Post,Post 124: Promoção,https://cdn.restaurante.com.br/media/124.jpg,2022-11-29 12:10:00,503,122,109,15027
113,182,YouTube,,Post 113: Evento,https://cdn.restaurante.com.br/media/113.jpg,2023-07-20 16:33:00,2940,218,199,42557
97,53,,Reels,Post 97: Prato do dia,https://cdn.restaurante.com.br/media/97.jpg,17-10-2023,4809,66,94,48379
94,123,Instagram,Live,Post 94: Prato do dia,,2022-06-22 13:05:00,2049,117,221,33596
160,190,TikTok,post mesmo,Post 160: Evento,https://cdn.restaurante.com.br/media/160.jpg,2023-08-19 09:49:00,3174,168,247,39312
33,19,,Carrossel,Post 33: Prato do dia,https://cdn.restaurante.com.br/media/33.jpg,10-06-2023,4954,268,198,17046
67,147,Twitter/X,Carrossel,Post 67: Cardápio novo,https://cdn.restaurante.com.br/media/67.jpg,2022-09-29 08:06:00,2919,461,163,32385
108,73,YouTube,Post,Post 108: Prato do dia,,2022-02-21 08:54:00,,457,19,11187
136,51,Twitter/X,Video,Post 136: Prato do dia,https://cdn.restaurante.com.br/media/136.jpg,2022-01-13 12:58:00,4036,370,290,34421
149,211,Facebook,Carrossel,Post 149: Prato do dia,https://cdn.restaurante.com.br/media/149.jpg,2024-01-17 11:49:00,1640,490,93,9975
53,164,,Carrossel,Post 53: Prato do dia,https://cdn.restaurante.com.br/media/53.jpg,2022-02-02 10:12:00,,187,258,24446
49,115,twitter,Post,Post 49: Cardápio novo,,2023/04/30,3245,202,122,31685
62,170,Twitter/X,Story,Post 62: Cardápio novo,https://cdn.restaurante.com.br/media/62.jpg,2024-04-23 19:04:00,3668,136,161,42662
22,53,Facebook,Video,Post 22: Prato do dia,,2024-10-28 20:30:00,197,379,161,-86
115,2,Twitter/X,Carrossel,Post 115: Evento,https://cdn.restaurante.com.br/media/115.jpg,2023-01-04 12:02:00,muitos,227,52,4530
169,126,TikTok,Video,Post 169: Promoção,https://cdn.restaurante.com.br/media/169.jpg,2022-07-25 09:09:00,2888,294,14,
28,76,YouTube,Post,Post 28: Prato do dia,https://cdn.restaurante.com.br/media/28.jpg,2022-02-09 15:09:00,4746,494,173,41770
70,12,TikTok,,Post 70: Cardápio novo,https://cdn.restaurante.com.br/media/70.jpg,2024-12-31 11:01:00,2277,382,35,16209
194,138,TikTok,Post,Post 194: Promoção,https://cdn.restaurante.com.br/media/194.jpg,2022-12-27 19:06:00,1541,168,47,28970
116,129,Instagram,Video,Post 116: Evento,https://cdn.restaurante.com.br/media/116.jpg,2022-11-27 10:14:00,,92,89,-36
147,188,YouTube,Reels,Post 147: Prato do dia,https://cdn.restaurante.com.br/media/147.jpg,2024/06/25,1199,37,24,10476
128,208,Facebook,storie,Post 128: Evento,https://cdn.restaurante.com.br/media/128.jpg,2023-03-21 10:47:00,3154,333,239,33659
36,170,Instagram,,Post 36: Cardápio novo,https://cdn.restaurante.com.br/media/36.jpg,2022-05-25 11:19:00,1672,264,294,34158
215,159,--,Reels,Post 215: Cardápio novo,https://cdn.restaurante.com.br/media/215.jpg,2023-04-20 08:46:00,1523,254,216,20251
20,11,YouTube,Story,,https://cdn.restaurante.com.br/media/20.jpg,2023-04-29 13:26:00,3509,17,172,5901
156,179,Twitter/X,Story,Post 156: Cardápio novo,https://cdn.restaurante.com.br/media/156.jpg,2023-03-28 09:53:00,723,18,178,45345
171,179,twitter,Reels,Post 171: Cardápio novo,https://cdn.restaurante.com.br/media/171.jpg,2022-08-09 14:29:00,3623,128,197,9879
61,187,Twitter/X,Story,Post 61: Prato do dia,https://cdn.restaurante.com.br/media/61.jpg,2022-04-20 10:57:00,151,345,222,31165
74,102,TikTok,Carrossel,Post 74: Promoção,https://cdn.restaurante.com.br/media/74.jpg,2022-11-22 11:41:00,1378,497,219,3418
42,66,insta,Story,Post 42: Evento,https://cdn.restaurante.com.br/media/42.jpg,2024-11-08 08:22:00,,373,48,
206,181,Twitter/X,Carrossel,Post 206: Prato do dia,https://cdn.restaurante.com.br/media/206.jpg,2023-09-09 16:50:00,3369,389,127,37270
198,158,YouTube,Reels,Post 198: Evento,https://cdn.restaurante.com.br/media/198.jpg,2022-03-14 18:11:00,3131,364,195,31493
182,21,YouTube,Live,Post 182: Promoção,https://cdn.restaurante.com.br/media/182.jpg,2023-06-27 20:41:00,2126,478,186,29671
25,5,TikTok,Live,Post 25: Promoção,https://cdn.restaurante.com.br/media/25.jpg,2024-05-07 15:01:00,4905,91,32,45336
51,209,TikTok,Story,Post 51: Prato do dia,,2023-07-14 18:37:00,359,163,146,49325
120,198,Facebook,Video,Post 120: Cardápio novo,https://cdn.restaurante.com.br/media/120.jpg,2024-06-29 12:59:00,1962,420,206,41038
8,163,YouTube,Reels,Post 8: Evento,https://cdn.restaurante.com.br/media/8.jpg,2023-04-26 20:10:00,4572,220,181,10815
24,,Facebook,Carrossel,Post 24: Promoção,,2022-01-13 16:27:00,2522,312,134,13769
65,126,yt,,Post 65: Prato do dia,,2022-10-17 22:08:00,4307,329,279,46835
220,210,Facebook,Live,Post 220: Promoção,https://cdn.restaurante.com.br/media/220.jpg,2024-01-28 17:29:00,1983,500,26,40493
45,49,Twitter/X,Post,Post 45: Prato do dia,https://cdn.restaurante.com.br/media/45.jpg,2024-10-27 22:32:00,3538,249,21,36672
27,168,TikTok,carrosel,Post 27: Prato do dia,https://cdn.restaurante.com.br/media/27.jpg,2023-13-01,2444,21,228,5584
73,25,Twitter/X,Carrossel,Post 73: Promoção,https://cdn.restaurante.com.br/media/73.jpg,2023-08-09 16:27:00,4994,187,58,48005
7,152,Facebook,Live,Post 7: Prato do dia,https://cdn.restaurante.com.br/media/7.jpg,2022-09-17 13:44:00,1075,78,47,33955
104,124,Instagram,Reels,Post 104: Promoção,https://cdn.restaurante.com.br/media/104.jpg,2024-03-02 19:17:00,965,67,62,19673
2,208,TikTok,Post,Post 2: Evento,https://cdn.restaurante.com.br/media/2.jpg,2022-08-21 17:56:00,2765,145,168,-52
93,24,YouTube,Live,Post 93: Prato do dia,,2024-08-13 17:52:00,muitos,,4,19493
151,82,YouTube,Story,Post 151: Cardápio novo,https://cdn.restaurante.com.br/media/151.jpg,2024-10-04 22:05:00,883,145,,27288
55,164,Twitter/X,Video,Post 55: Evento,https://cdn.restaurante.com.br/media/55.jpg,2023-09-08 21:45:00,1759,219,169,27209
190,14,Facebook,Post,Post 190: Prato do dia,https://cdn.restaurante.com.br/media/190.jpg,2023-13-01,4044,178,96,48822
68,111,Instagram,live agora,Post 68: Promoção,https://cdn.restaurante.com.br/media/68.jpg,2024-07-03 13:33:00,,413,271,-10
176,87,Twitter/X,Reels,Post 176: Promoção,https://cdn.restaurante.com.br/media/176.jpg,2024-11-08 09:53:00,683,380,27,48599
162,88,Instagram,Carrossel,Post 162: Prato do dia,,2022-03-15 15:17:00,,205,176,9968
79,155,tik tok,,,https://cdn.restaurante.com.br/media/79.jpg,2022-07-24 10:59:00,4423,267,198,
15,193,--,,Post 15: Prato do dia,https://cdn.restaurante.com.br/media/15.jpg,2023-08-22 10:39:00,2272,450,219,6824
141,131,Facebook,Reels,Post 141: Prato do dia,https://cdn.restaurante.com.br/media/141.jpg,2024-12-05 18:41:00,4219,330,111,35500
202,10,YouTube,Reels,Post 202: Evento,https://cdn.restaurante.com.br/media/202.jpg,2024-11-07 15:13:00,2333,378,,46043
203,219,Instagram,Story,Post 203: Cardápio novo,https://cdn.restaurante.com.br/media/203.jpg,2024-06-20 22:05:00,,408,268,18845
140,13,Instagram,storie,Post 140: Prato do dia,https://cdn.restaurante.com.br/media/140.jpg,,,366,30,39793
100,209,Instagram,Carrossel,Post 100: Evento,https://cdn.restaurante.com.br/media/100.jpg,2022-11-19 13:50:00,4185,31,213,31480
46,73,Instagram,Video,Post 46: Prato do dia,https://cdn.restaurante.com.br/media/46.jpg,,788,171,275,18854
144,64,Facebook,,Post 144: Evento,https://cdn.restaurante.com.br/media/144.jpg,2024-11-08 10:18:00,3278,337,72,9455
19,66,Twitter/X,,Post 19: Prato do dia,https://cdn.restaurante.com.br/media/19.jpg,2023-04-24 14:35:00,550,188,152,46032
82,159,Facebook,,Post 82: Prato do dia,https://cdn.restaurante.com.br/media/82.jpg,2023-07-28 12:02:00,4170,275,107,11029
185,29,,Reels,,https://cdn.restaurante.com.br/media/185.jpg,2023-13-01,2565,193,275,39617
186,177,TikTok,,,https://cdn.restaurante.com.br/media/186.jpg,2022-10-24 20:45:00,4864,58,85,36488
174,209,TikTok,Video,Post 174: Prato do dia,https://cdn.restaurante.com.br/media/174.jpg,2022-10-24 16:11:00,1945,54,126,18679
58,176,YouTube,Video,Post 58: Promoção,,2022-01-01 09:27:00,1867,389,89,35700
168,17,TikTok,Story,Post 168: Prato do dia,https://cdn.restaurante.com.br/media/168.jpg,2022-08-14 13:02:00,39,153,175,1556
66,120,YouTube,Story,Post 66: Prato do dia,https://cdn.restaurante.com.br/media/66.jpg,2024-03-12 08:48:00,4221,219,,45084
188,35,Instagram,,Post 188: Prato do dia,https://cdn.restaurante.com.br/media/188.jpg,2024-04-18 20:21:00,2915,264,48,39149
210,62,YouTube,Reels,,https://cdn.restaurante.com.br/media/210.jpg,,3765,403,129,5567
139,164,Facebook,Story,Post 139: Prato do dia,https://cdn.restaurante.com.br/media/139.jpg,2023-06-03 17:58:00,3562,448,68,5136
31,157,Twitter/X,storie,Post 31: Cardápio novo,https://cdn.restaurante.com.br/media/31.jpg,2023-05-12 14:20:00,,21,180,25781
159,48,YouTube,Video,Post 159: Cardápio novo,https://cdn.restaurante.com.br/media/159.jpg,2022-01-02 15:18:00,1981,413,162,39048
114,54,,Reels,Post 114: Prato do dia,https://cdn.restaurante.com.br/media/114.jpg,2023-01-13 15:40:00,3732,79,199,30222
193,67,Facebook,Live,Post 193: Evento,https://cdn.restaurante.com.br/media/193.jpg,2023-05-31 13:14:00,3191,111,26,42716
155,,Facebook,storie,Post 155: Promoção,https://cdn.restaurante.com.br/media/155.jpg,,725,124,213,26540
99,191,yt,Reels,Post 99: Promoção,https://cdn.restaurante.com.br/media/99.jpg,2024-06-14 20:29:00,3879,320,124,22014
204,6,Twitter/X,Story,,https://cdn.restaurante.com.br/media/204.jpg,2023-06-19 17:56:00,1480,104,145,46981
75,1,Facebook,Reels,Post 75: Evento,https://cdn.restaurante.com.br/media/75.jpg,2022-06-27 13:05:00,4338,472,46,35057
17,144,TikTok,Reels,Post 17: Evento,https://cdn.restaurante.com.br/media/17.jpg,2023-02-10 16:27:00,2180,32,,2390
23,103,Twitter/X,carrosel,Post 23: Prato do dia,https://cdn.restaurante.com.br/media/23.jpg,2023-13-01,1334,295,7,32435
49,115,twitter,Post,Post 49: Cardápio novo,,2023/04/30,3245,202,122,31685
118,126,Instagram,Carrossel,Post 118: Promoção,https://cdn.restaurante.com.br/media/118.jpg,2024-12-09 11:01:00,4427,8,37,5982
192,88,TikTok,live agora,Post 192: Promoção,https://cdn.restaurante.com.br/media/192.jpg,,546,322,130,32890
71,40,Instagram,Carrossel,Post 71: Prato do dia,https://cdn.restaurante.com.br/media/71.jpg,2023-07-08 16:00:00,346,237,,23541
126,214,,Story,,https://cdn.restaurante.com.br/media/126.jpg,2022-03-09 11:07:00,4803,80,256,7762
183,129,Facebook,Reels,Post 183: Promoção,https://cdn.restaurante.com.br/media/183.jpg,2023-12-27 14:06:00,3290,391,195,32166
213,150,TikTok,Post,Post 213: Cardápio novo,https://cdn.restaurante.com.br/media/213.jpg,2022-06-11 17:44:00,4111,290,204,24712
154,,YouTube,Live,Post 154: Promoção,https://cdn.restaurante.com.br/media/154.jpg,,933,372,1,21230
143,212,Twitter/X,Video,Post 143: Promoção,https://cdn.restaurante.com.br/media/143.jpg,,3390,33,243,6121
89,192,Facebook,Post,Post 89: Cardápio novo,https://cdn.restaurante.com.br/media/89.jpg,2022-10-03 20:54:00,1094,,112,18701
178,55,TikTok,Post,Post 178: Promoção,https://cdn.restaurante.com.br/media/178.jpg,2022-12-15 17:20:00,3707,389,203,6802
189,105,Instagram,Carrossel,,https://cdn.restaurante.com.br/media/189.jpg,2024-01-21 21:22:00,1458,381,212,8231
166,131,TikTok,Video,Post 166: Prato do dia,https://cdn.restaurante.com.br/media/166.jpg,2024-04-16 20:51:00,1789,,128,
52,55,,Carrossel,Post 52: Cardápio novo,https://cdn.restaurante.com.br/media/52.jpg,2024-04-11 10:55:00,3039,,,-90
163,35,Facebook,Video,Post 163: Evento,https://cdn.restaurante.com.br/media/163.jpg,2024-05-17 10:16:00,4703,231,186,20380
92,201,,Story,Post 92: Evento,https://cdn.restaurante.com.br/media/92.jpg,2024-03-28 15:09:00,4390,117,293,4442
60,,Instagram,,Post 60: Cardápio novo,https://cdn.restaurante.com.br/media/60.jpg,2024-11-02 19:02:00,muitos,475,152,34626
21,31,Facebook,Reels,Post 21: Promoção,https://cdn.restaurante.com.br/media/21.jpg,2024-05-11 14:56:00,4707,328,143,10033
38,167,TikTok,Reels,Post 38: Cardápio novo,https://cdn.restaurante.com.br/media/38.jpg,2022-01-09 09:30:00,2015,321,1,
86,77,Twitter/X,Video,Post 86: Prato do dia,https://cdn.restaurante.com.br/media/86.jpg,2023-06-06 14:11:00,2829,380,293,26208
122,58,YouTube,live agora,Post 122: Evento,https://cdn.restaurante.com.br/media/122.jpg,2022-04-30 10:22:00,167,262,143,12910
172,8,YouTube,Video,Post 172: Evento,https://cdn.restaurante.com.br/media/172.jpg,2023-13-01,,119,42,44228
84,60,Twitter/X,Carrossel,Post 84: Cardápio novo,https://cdn.restaurante.com.br/media/84.jpg,23-03-2023,2615,245,111,35291
148,214,Twitter/X,Video,Post 148: Cardápio novo,https://cdn.restaurante.com.br/media/148.jpg,2024-08-30 09:24:00,4996,,179,31129
179,62,YouTube,Post,Post 179: Prato do dia,https://cdn.restaurante.com.br/media/179.jpg,,muitos,228,88,5779
69,2,Facebook,Carrossel,Post 69: Prato do dia,https://cdn.restaurante.com.br/media/69.jpg,2024-12-30 14:01:00,1911,428,162,
123,137,Facebook,Reels,Post 123: Cardápio novo,https://cdn.restaurante.com.br/media/123.jpg,2023-05-29 10:13:00,39,392,16,
57,75,Facebook,Reels,Post 57: Promoção,https://cdn.restaurante.com.br/media/57.jpg,2023-10-22 11:48:00,3234,478,235,27879
142,141,Instagram,Live,Post 142: Evento,https://cdn.restaurante.com.br/media/142.jpg,2022-03-18 10:56:00,841,207,269,46317
83,114,Twitter/X,Live,Post 83: Evento,https://cdn.restaurante.com.br/media/83.jpg,2022-06-02 19:02:00,3587,449,230,-19
72,213,YouTube,vid,Post 72: Promoção,https://cdn.restaurante.com.br/media/72.jpg,2024-06-04 08:10:00,,138,75,
103,20,TikTok,Video,Post 103: Prato do dia,https://cdn.restaurante.com.br/media/103.jpg,2024-10-21 09:06:00,,335,100,-3
157,32,Facebook,Live,Post 157: Cardápio novo,https://cdn.restaurante.com.br/media/157.jpg,2023-04-22 15:26:00,2916,331,14,9721
5,59,TikTok,Carrossel,Post 5: Promoção,https://cdn.restaurante.com.br/media/5.jpg,2022-09-20 14:54:00,3878,163,,47641
129,158,Instagram,Video,Post 129: Promoção,https://cdn.restaurante.com.br/media/129.jpg,2024-07-13 15:27:00,3506,,29,26089
127,155,YouTube,post mesmo,,https://cdn.restaurante.com.br/media/127.jpg,2022-02-14 10:45:00,2798,,50,27490
164,153,Twitter/X,Carrossel,Post 164: Evento,https://cdn.restaurante.com.br/media/164.jpg,2023-06-08 08:46:00,4038,403,106,27754
105,76,Twitter/X,Reels,Post 105: Prato do dia,https://cdn.restaurante.com.br/media/105.jpg,2022-08-11 15:08:00,4792,440,153,5535
125,213,Twitter/X,Video,Post 125: Promoção,https://cdn.restaurante.com.br/media/125.jpg,2022-07-05 15:10:00,2420,487,80,41757
109,52,TikTok,Story,Post 109: Prato do dia,https://cdn.restaurante.com.br/media/109.jpg,,611,217,31,46182
175,218,TikTok,Live,Post 175: Cardápio novo,https://cdn.restaurante.com.br/media/175.jpg,2024-02-02 11:58:00,312,351,80,43858
77,72,Twitter/X,Video,Post 77: Prato do dia,https://cdn.restaurante.com.br/media/77.jpg,2023-06-16 09:40:00,,254,160,24016
187,41,Instagram,Post,Post 187: Evento,https://cdn.restaurante.com.br/media/187.jpg,2022-06-29 16:07:00,muitos,395,,47508
209,115,TikTok,Carrossel,Post 209: Cardápio novo,https://cdn.restaurante.com.br/media/209.jpg,2022-12-21 18:26:00,3179,125,200,32309
110,203,Facebook,Video,Post 110: Prato do dia,https://cdn.restaurante.com.br/media/110.jpg,2022-07-20 17:43:00,132,69,155,-67
88,164,Facebook,Post,Post 88: Cardápio novo,https://cdn.restaurante.com.br/media/88.jpg,2022-11-07 14:54:00,242,294,,25438
132,67,YouTube,Live,Post 132: Prato do dia,https://cdn.restaurante.com.br/media/132.jpg,2024-02-18 14:39:00,3921,,274,20819
131,166,Twitter/X,Carrossel,Post 131: Promoção,https://cdn.restaurante.com.br/media/131.jpg,2022-06-21 09:18:00,muitos,159,98,6379
112,73,Instagram,Post,Post 112: Cardápio novo,https://cdn.restaurante.com.br/media/112.jpg,,1519,198,34,
11,74,Facebook,Post,Post 11: Evento,https://cdn.restaurante.com.br/media/11.jpg,2024-05-05 14:10:00,3632,,68,30495
54,46,Instagram,Live,Post 54: Cardápio novo,https://cdn.restaurante.com.br/media/54.jpg,2023-10-31 12:28:00,463,363,192,17778
96,166,TikTok,Post,Post 96: Prato do dia,https://cdn.restaurante.com.br/media/96.jpg,2023-10-31 22:53:00,,379,48,8641
63,181,Instagram,Live,Post 63: Cardápio novo,https://cdn.restaurante.com.br/media/63.jpg,NaT,1700,73,213,30307
40,214,YouTube,Post,Post 40: Evento,,2023-02-11 16:30:00,3765,20,97,23312
56,63,Twitter/X,Video,Post 56: Promoção,https://cdn.restaurante.com.br/media/56.jpg,2022-07-01 16:16:00,48,412,51,-47
212,86,Twitter/X,,Post 212: Prato do dia,,2023-01-05 22:12:00,1066,482,210,29235
29,121,Facebook,post mesmo,Post 29: Cardápio novo,https://cdn.restaurante.com.br/media/29.jpg,2023-13-01,465,325,89,28073
196,44,YouTube,Story,Post 196: Cardápio novo,https://cdn.restaurante.com.br/media/196.jpg,27-07-2023,3013,3,157,31797
195,3,Facebook,Video,Post 195: Promoção,https://cdn.restaurante.com.br/media/195.jpg,,2214,48,268,49520
1,145,,Reels,Post 1: Promoção,https://cdn.restaurante.com.br/media/1.jpg,2023-01-17 20:04:00,,451,121,
138,18,Facebook,post mesmo,,https://cdn.restaurante.com.br/media/138.jpg,2024-11-26 12:32:00,1036,198,129,36631
184,176,TikTok,Post,Post 184: Cardápio novo,,2023-09-11 12:50:00,3123,90,253,30927
42,66,insta,Story,Post 42: Evento,https://cdn.restaurante.com.br/media/42.jpg,2024-11-08 08:22:00,,373,48,
135,108,Twitter/X,Video,Post 135: Prato do dia,https://cdn.restaurante.com.br/media/135.jpg,2024-10-05 10:38:00,2617,359,,42848
41,33,TikTok,Post,Post 41: Cardápio novo,https://cdn.restaurante.com.br/media/41.jpg,2024-08-21 14:20:00,muitos,36,241,46262
48,147,Facebook,Carrossel,Post 48: Prato do dia,https://cdn.restaurante.com.br/media/48.jpg,2024-09-22 20:24:00,1083,446,208,12866
217,201,Facebook,Post,Post 217: Prato do dia,https://cdn.restaurante.com.br/media/217.jpg,2024-04-12 14:19:00,4070,245,154,10329
137,37,Facebook,Video,Post 137: Cardápio novo,https://cdn.restaurante.com.br/media/137.jpg,2022-11-16 19:03:00,2209,162,32,
218,21,YouTube,Live,Post 218: Prato do dia,https://cdn.restaurante.com.br/media/218.jpg,2024-01-17 18:10:00,4005,281,167,26531
79,155,tik tok,,,https://cdn.restaurante.com.br/media/79.jpg,2022-07-24 10:59:00,4423,267,198,
199,194,Instagram,Reels,Post 199: Evento,https://cdn.restaurante.com.br/media/199.jpg,2023-09-18 10:17:00,1218,150,1,26026
95,195,Instagram,Live,,,2022-01-05 10:55:00,,336,101,20752
43,3,Instagram,Story,Post 43: Promoção,https://cdn.restaurante.com.br/media/43.jpg,2023-10-01 09:34:00,150,389,127,39747
152,,Twitter/X,Reels,,https://cdn.restaurante.com.br/media/152.jpg,,2728,135,85,49953
39,64,TikTok,Post,,https://cdn.restaurante.com.br/media/39.jpg,2022-12-01 13:14:00,1590,246,,-63
170,94,YouTube,Video,Post 170: Prato do dia,https://cdn.restaurante.com.br/media/170.jpg,2023-12-18 13:18:00,657,132,220,3342
177,198,,Video,Post 177: Prato do dia,https://cdn.restaurante.com.br/media/177.jpg,2024-07-13 15:00:00,2392,177,41,
98,165,Facebook,Post,Post 98: Evento,https://cdn.restaurante.com.br/media/98.jpg,,2082,171,210,46598
85,144,Facebook,Reels,Post 85: Evento,https://cdn.restaurante.com.br/media/85.jpg,2022-07-01 13:35:00,2492,328,83,17353
205,105,YouTube,Reels,Post 205: Evento,https://cdn.restaurante.com.br/media/205.jpg,26-06-2023,4595,222,36,35503
214,131,Twitter/X,Video,Post 214: Prato do dia,https://cdn.restaurante.com.br/media/214.jpg,2022-01-01 12:46:00,4780,210,204,48768
106,173,--,Reels,Post 106: Promoção,https://cdn.restaurante.com.br/media/106.jpg,2023-03-24 13:14:00,269,53,199,7309
